Sent,To,0
DBGU,DBGU,0
ObjFtry,ObjFtry,0
THSBoard,THSBoard,0
EventMed,EventMediator,0
BrokerTH,EventMediator.BrokerTHSPPC_PC,0
MsgPortU,MsgPortUDP_Em41,0
UdpSok~1,UdpSok~1,0
Broker~0,BrokerTHSPPC_SCPPC,0
MsgPortV,MsgPortVME_Em43,0
Top2000,-,0
ThsSorRi,ThsSorRi,0
PMC0_0,0.00.00,0
PMC0_1,0.00.00,0
ThsSorLe,ThsSorLe,0
ThsTEN,0.00.00,0
PMC1_0,0.00.00,0
PMC1_1,0.00.00,0
ThsINF,0.00.00,0
Mod_UNIG,ThsINF.Mod_UNIG,0
MsgBroke,Top2000.MsgBroker42,0
MsgPor~0,MsgBroker42.MsgPortVME_Top42,0
Security,Top2000.SecurityChain,0
PS1_THSy,PS1_THSy,0
SORTEC_F,ElectricalZones.SORTEC_Front_1,0
SORTEC~0,ElectricalZones.SORTEC_Front_2,0
SORTEC~1,ElectricalZones.SORTEC_Front_3,0
SORTEC_B,ElectricalZones.SORTEC_Back_1,0
SORTEC~2,ElectricalZones.SORTEC_Back_2,0
SORTEC~3,ElectricalZones.SORTEC_Back_3,0
THSPwrCh,PS1_THSy.THSPwrCh,0
CoverThs,PS1_THSy.THSPwrCh.CoverThs,0
LCHSQ3,LCHSQ3,0
LCHSQ2,LCHSQ2,0
MZDisabl,PS1_THSy.THSPwrCh.MZDisabled,0
ICS,ICS,0
ETLSyste,PS1_THSy.ICS.ETLSystem,0
TDLabell,ICS.ETLSystem.TDLabelling,0
MotorETL,ICS.ETLSystem.MotorETL,0
INFD____,INFD____,0
MDC,MDC,0
ETAC_Upp,PS1_THSy.ETAC_Upp,0
ETACS_UR,PS1_THSy.ETAC_Upp.ETACS_UR,0
Motor001,ETAC_Upp.ETACS_UR.Motor001,0
AE_UF001,ETAC_Upp.ETACS_UR.AE_UF001,0
DT_UF001,ETACS_UR.AE_UF001.DT_UF001,0
SD_UF001,ETACS_UR.AE_UF001.SD_UF001,0
AE_UF002,ETAC_Upp.ETACS_UR.AE_UF002,0
DT_UF002,ETACS_UR.AE_UF002.DT_UF002,0
SD_UF002,ETACS_UR.AE_UF002.SD_UF002,0
AE_UF003,ETAC_Upp.ETACS_UR.AE_UF003,0
DT_UF003,ETACS_UR.AE_UF003.DT_UF003,0
SD_UF003,ETACS_UR.AE_UF003.SD_UF003,0
AE_UF004,ETAC_Upp.ETACS_UR.AE_UF004,0
DT_UF004,ETACS_UR.AE_UF004.DT_UF004,0
SD_UF004,ETACS_UR.AE_UF004.SD_UF004,0
AE_UF005,ETAC_Upp.ETACS_UR.AE_UF005,0
DT_UF005,ETACS_UR.AE_UF005.DT_UF005,0
SD_UF005,ETACS_UR.AE_UF005.SD_UF005,0
AE_UF006,ETAC_Upp.ETACS_UR.AE_UF006,0
DT_UF006,ETACS_UR.AE_UF006.DT_UF006,0
SD_UF006,ETACS_UR.AE_UF006.SD_UF006,0
AE_UF007,ETAC_Upp.ETACS_UR.AE_UF007,0
DT_UF007,ETACS_UR.AE_UF007.DT_UF007,0
SD_UF007,ETACS_UR.AE_UF007.SD_UF007,0
AE_UF008,ETAC_Upp.ETACS_UR.AE_UF008,0
DT_UF008,ETACS_UR.AE_UF008.DT_UF008,0
SD_UF008,ETACS_UR.AE_UF008.SD_UF008,0
AE_UF009,ETAC_Upp.ETACS_UR.AE_UF009,0
DT_UF009,ETACS_UR.AE_UF009.DT_UF009,0
SD_UF009,ETACS_UR.AE_UF009.SD_UF009,0
AE_UF010,ETAC_Upp.ETACS_UR.AE_UF010,0
DT_UF010,ETACS_UR.AE_UF010.DT_UF010,0
SD_UF010,ETACS_UR.AE_UF010.SD_UF010,0
AE_UF011,ETAC_Upp.ETACS_UR.AE_UF011,0
DT_UF011,ETACS_UR.AE_UF011.DT_UF011,0
SD_UF011,ETACS_UR.AE_UF011.SD_UF011,0
AE_UF012,ETAC_Upp.ETACS_UR.AE_UF012,0
DT_UF012,ETACS_UR.AE_UF012.DT_UF012,0
SD_UF012,ETACS_UR.AE_UF012.SD_UF012,0
AE_UF013,ETAC_Upp.ETACS_UR.AE_UF013,0
DT_UF013,ETACS_UR.AE_UF013.DT_UF013,0
SD_UF013,ETACS_UR.AE_UF013.SD_UF013,0
AE_UF014,ETAC_Upp.ETACS_UR.AE_UF014,0
DT_UF014,ETACS_UR.AE_UF014.DT_UF014,0
SD_UF014,ETACS_UR.AE_UF014.SD_UF014,0
AE_UF015,ETAC_Upp.ETACS_UR.AE_UF015,0
DT_UF015,ETACS_UR.AE_UF015.DT_UF015,0
SD_UF015,ETACS_UR.AE_UF015.SD_UF015,0
AE_UF016,ETAC_Upp.ETACS_UR.AE_UF016,0
DT_UF016,ETACS_UR.AE_UF016.DT_UF016,0
SD_UF016,ETACS_UR.AE_UF016.SD_UF016,0
AE_UF017,ETAC_Upp.ETACS_UR.AE_UF017,0
DT_UF017,ETACS_UR.AE_UF017.DT_UF017,0
SD_UF017,ETACS_UR.AE_UF017.SD_UF017,0
AE_UF018,ETAC_Upp.ETACS_UR.AE_UF018,0
DT_UF018,ETACS_UR.AE_UF018.DT_UF018,0
SD_UF018,ETACS_UR.AE_UF018.SD_UF018,0
AE_UF019,ETAC_Upp.ETACS_UR.AE_UF019,0
DT_UF019,ETACS_UR.AE_UF019.DT_UF019,0
SD_UF019,ETACS_UR.AE_UF019.SD_UF019,0
AE_UF020,ETAC_Upp.ETACS_UR.AE_UF020,0
DT_UF020,ETACS_UR.AE_UF020.DT_UF020,0
SD_UF020,ETACS_UR.AE_UF020.SD_UF020,0
AE_UF021,ETAC_Upp.ETACS_UR.AE_UF021,0
DT_UF021,ETACS_UR.AE_UF021.DT_UF021,0
SD_UF021,ETACS_UR.AE_UF021.SD_UF021,0
AE_UF022,ETAC_Upp.ETACS_UR.AE_UF022,0
DT_UF022,ETACS_UR.AE_UF022.DT_UF022,0
SD_UF022,ETACS_UR.AE_UF022.SD_UF022,0
AE_UF023,ETAC_Upp.ETACS_UR.AE_UF023,0
DT_UF023,ETACS_UR.AE_UF023.DT_UF023,0
SD_UF023,ETACS_UR.AE_UF023.SD_UF023,0
AE_UF024,ETAC_Upp.ETACS_UR.AE_UF024,0
DT_UF024,ETACS_UR.AE_UF024.DT_UF024,0
SD_UF024,ETACS_UR.AE_UF024.SD_UF024,0
AE_UF025,ETAC_Upp.ETACS_UR.AE_UF025,0
DT_UF025,ETACS_UR.AE_UF025.DT_UF025,0
SD_UF025,ETACS_UR.AE_UF025.SD_UF025,0
AE_UF026,ETAC_Upp.ETACS_UR.AE_UF026,0
DT_UF026,ETACS_UR.AE_UF026.DT_UF026,0
SD_UF026,ETACS_UR.AE_UF026.SD_UF026,0
AE_UF027,ETAC_Upp.ETACS_UR.AE_UF027,0
DT_UF027,ETACS_UR.AE_UF027.DT_UF027,0
SD_UF027,ETACS_UR.AE_UF027.SD_UF027,0
AE_UF028,ETAC_Upp.ETACS_UR.AE_UF028,0
DT_UF028,ETACS_UR.AE_UF028.DT_UF028,0
SD_UF028,ETACS_UR.AE_UF028.SD_UF028,0
AE_UF029,ETAC_Upp.ETACS_UR.AE_UF029,0
DT_UF029,ETACS_UR.AE_UF029.DT_UF029,0
SD_UF029,ETACS_UR.AE_UF029.SD_UF029,0
AE_UF030,ETAC_Upp.ETACS_UR.AE_UF030,0
DT_UF030,ETACS_UR.AE_UF030.DT_UF030,0
SD_UF030,ETACS_UR.AE_UF030.SD_UF030,0
AE_UF031,ETAC_Upp.ETACS_UR.AE_UF031,0
DT_UF031,ETACS_UR.AE_UF031.DT_UF031,0
SD_UF031,ETACS_UR.AE_UF031.SD_UF031,0
AE_UF032,ETAC_Upp.ETACS_UR.AE_UF032,0
DT_UF032,ETACS_UR.AE_UF032.DT_UF032,0
SD_UF032,ETACS_UR.AE_UF032.SD_UF032,0
AE_UF033,ETAC_Upp.ETACS_UR.AE_UF033,0
DT_UF033,ETACS_UR.AE_UF033.DT_UF033,0
SD_UF033,ETACS_UR.AE_UF033.SD_UF033,0
AE_UF034,ETAC_Upp.ETACS_UR.AE_UF034,0
DT_UF034,ETACS_UR.AE_UF034.DT_UF034,0
SD_UF034,ETACS_UR.AE_UF034.SD_UF034,0
AE_UF035,ETAC_Upp.ETACS_UR.AE_UF035,0
DT_UF035,ETACS_UR.AE_UF035.DT_UF035,0
SD_UF035,ETACS_UR.AE_UF035.SD_UF035,0
AE_UF036,ETAC_Upp.ETACS_UR.AE_UF036,0
DT_UF036,ETACS_UR.AE_UF036.DT_UF036,0
SD_UF036,ETACS_UR.AE_UF036.SD_UF036,0
AE_UF037,ETAC_Upp.ETACS_UR.AE_UF037,0
DT_UF037,ETACS_UR.AE_UF037.DT_UF037,0
SD_UF037,ETACS_UR.AE_UF037.SD_UF037,0
AE_UF038,ETAC_Upp.ETACS_UR.AE_UF038,0
DT_UF038,ETACS_UR.AE_UF038.DT_UF038,0
SD_UF038,ETACS_UR.AE_UF038.SD_UF038,0
AE_UF039,ETAC_Upp.ETACS_UR.AE_UF039,0
DT_UF039,ETACS_UR.AE_UF039.DT_UF039,0
SD_UF039,ETACS_UR.AE_UF039.SD_UF039,0
AE_UF040,ETAC_Upp.ETACS_UR.AE_UF040,0
DT_UF040,ETACS_UR.AE_UF040.DT_UF040,0
SD_UF040,ETACS_UR.AE_UF040.SD_UF040,0
AE_UF041,ETAC_Upp.ETACS_UR.AE_UF041,0
DT_UF041,ETACS_UR.AE_UF041.DT_UF041,0
SD_UF041,ETACS_UR.AE_UF041.SD_UF041,0
AE_UF042,ETAC_Upp.ETACS_UR.AE_UF042,0
DT_UF042,ETACS_UR.AE_UF042.DT_UF042,0
SD_UF042,ETACS_UR.AE_UF042.SD_UF042,0
AE_UF043,ETAC_Upp.ETACS_UR.AE_UF043,0
DT_UF043,ETACS_UR.AE_UF043.DT_UF043,0
SD_UF043,ETACS_UR.AE_UF043.SD_UF043,0
AE_UF044,ETAC_Upp.ETACS_UR.AE_UF044,0
DT_UF044,ETACS_UR.AE_UF044.DT_UF044,0
SD_UF044,ETACS_UR.AE_UF044.SD_UF044,0
AE_UF045,ETAC_Upp.ETACS_UR.AE_UF045,0
DT_UF045,ETACS_UR.AE_UF045.DT_UF045,0
SD_UF045,ETACS_UR.AE_UF045.SD_UF045,0
AE_UF046,ETAC_Upp.ETACS_UR.AE_UF046,0
DT_UF046,ETACS_UR.AE_UF046.DT_UF046,0
SD_UF046,ETACS_UR.AE_UF046.SD_UF046,0
AE_UF047,ETAC_Upp.ETACS_UR.AE_UF047,0
DT_UF047,ETACS_UR.AE_UF047.DT_UF047,0
SD_UF047,ETACS_UR.AE_UF047.SD_UF047,0
AE_UF048,ETAC_Upp.ETACS_UR.AE_UF048,0
DT_UF048,ETACS_UR.AE_UF048.DT_UF048,0
SD_UF048,ETACS_UR.AE_UF048.SD_UF048,0
AE_UF049,ETAC_Upp.ETACS_UR.AE_UF049,0
DT_UF049,ETACS_UR.AE_UF049.DT_UF049,0
SD_UF049,ETACS_UR.AE_UF049.SD_UF049,0
AE_UF050,ETAC_Upp.ETACS_UR.AE_UF050,0
DT_UF050,ETACS_UR.AE_UF050.DT_UF050,0
SD_UF050,ETACS_UR.AE_UF050.SD_UF050,0
AE_UF051,ETAC_Upp.ETACS_UR.AE_UF051,0
DT_UF051,ETACS_UR.AE_UF051.DT_UF051,0
SD_UF051,ETACS_UR.AE_UF051.SD_UF051,0
AE_UF052,ETAC_Upp.ETACS_UR.AE_UF052,0
DT_UF052,ETACS_UR.AE_UF052.DT_UF052,0
SD_UF052,ETACS_UR.AE_UF052.SD_UF052,0
AE_UF053,ETAC_Upp.ETACS_UR.AE_UF053,0
DT_UF053,ETACS_UR.AE_UF053.DT_UF053,0
SD_UF053,ETACS_UR.AE_UF053.SD_UF053,0
AE_UF054,ETAC_Upp.ETACS_UR.AE_UF054,0
DT_UF054,ETACS_UR.AE_UF054.DT_UF054,0
SD_UF054,ETACS_UR.AE_UF054.SD_UF054,0
AE_UF055,ETAC_Upp.ETACS_UR.AE_UF055,0
DT_UF055,ETACS_UR.AE_UF055.DT_UF055,0
SD_UF055,ETACS_UR.AE_UF055.SD_UF055,0
AE_UF056,ETAC_Upp.ETACS_UR.AE_UF056,0
DT_UF056,ETACS_UR.AE_UF056.DT_UF056,0
SD_UF056,ETACS_UR.AE_UF056.SD_UF056,0
AE_UF057,ETAC_Upp.ETACS_UR.AE_UF057,0
DT_UF057,ETACS_UR.AE_UF057.DT_UF057,0
,,0
SD_UF057,ETACS_UR.AE_UF057.SD_UF057,0
AE_UF058,ETAC_Upp.ETACS_UR.AE_UF058,0
DT_UF058,ETACS_UR.AE_UF058.DT_UF058,0
SD_UF058,ETACS_UR.AE_UF058.SD_UF058,0
AE_UF059,ETAC_Upp.ETACS_UR.AE_UF059,0
DT_UF059,ETACS_UR.AE_UF059.DT_UF059,0
SD_UF059,ETACS_UR.AE_UF059.SD_UF059,0
AE_UF060,ETAC_Upp.ETACS_UR.AE_UF060,0
DT_UF060,ETACS_UR.AE_UF060.DT_UF060,0
SD_UF060,ETACS_UR.AE_UF060.SD_UF060,0
AE_UF061,ETAC_Upp.ETACS_UR.AE_UF061,0
DT_UF061,ETACS_UR.AE_UF061.DT_UF061,0
SD_UF061,ETACS_UR.AE_UF061.SD_UF061,0
AE_UF062,ETAC_Upp.ETACS_UR.AE_UF062,0
DT_UF062,ETACS_UR.AE_UF062.DT_UF062,0
SD_UF062,ETACS_UR.AE_UF062.SD_UF062,0
AE_UF063,ETAC_Upp.ETACS_UR.AE_UF063,0
DT_UF063,ETACS_UR.AE_UF063.DT_UF063,0
SD_UF063,ETACS_UR.AE_UF063.SD_UF063,0
AE_UF064,ETAC_Upp.ETACS_UR.AE_UF064,0
DT_UF064,ETACS_UR.AE_UF064.DT_UF064,0
SD_UF064,ETACS_UR.AE_UF064.SD_UF064,0
AE_UF065,ETAC_Upp.ETACS_UR.AE_UF065,0
DT_UF065,ETACS_UR.AE_UF065.DT_UF065,0
SD_UF065,ETACS_UR.AE_UF065.SD_UF065,0
AE_UF066,ETAC_Upp.ETACS_UR.AE_UF066,0
DT_UF066,ETACS_UR.AE_UF066.DT_UF066,0
SD_UF066,ETACS_UR.AE_UF066.SD_UF066,0
AE_UF067,ETAC_Upp.ETACS_UR.AE_UF067,0
DT_UF067,ETACS_UR.AE_UF067.DT_UF067,0
SD_UF067,ETACS_UR.AE_UF067.SD_UF067,0
AE_UF068,ETAC_Upp.ETACS_UR.AE_UF068,0
DT_UF068,ETACS_UR.AE_UF068.DT_UF068,0
SD_UF068,ETACS_UR.AE_UF068.SD_UF068,0
AE_UF069,ETAC_Upp.ETACS_UR.AE_UF069,0
DT_UF069,ETACS_UR.AE_UF069.DT_UF069,0
SD_UF069,ETACS_UR.AE_UF069.SD_UF069,0
AE_UF070,ETAC_Upp.ETACS_UR.AE_UF070,0
DT_UF070,ETACS_UR.AE_UF070.DT_UF070,0
SD_UF070,ETACS_UR.AE_UF070.SD_UF070,0
AE_UF071,ETAC_Upp.ETACS_UR.AE_UF071,0
DT_UF071,ETACS_UR.AE_UF071.DT_UF071,0
SD_UF071,ETACS_UR.AE_UF071.SD_UF071,0
AE_UF072,ETAC_Upp.ETACS_UR.AE_UF072,0
DT_UF072,ETACS_UR.AE_UF072.DT_UF072,0
SD_UF072,ETACS_UR.AE_UF072.SD_UF072,0
AE_UF073,ETAC_Upp.ETACS_UR.AE_UF073,0
DT_UF073,ETACS_UR.AE_UF073.DT_UF073,0
SD_UF073,ETACS_UR.AE_UF073.SD_UF073,0
AE_UF074,ETAC_Upp.ETACS_UR.AE_UF074,0
DT_UF074,ETACS_UR.AE_UF074.DT_UF074,0
SD_UF074,ETACS_UR.AE_UF074.SD_UF074,0
AE_UF075,ETAC_Upp.ETACS_UR.AE_UF075,0
DT_UF075,ETACS_UR.AE_UF075.DT_UF075,0
SD_UF075,ETACS_UR.AE_UF075.SD_UF075,0
AE_UF076,ETAC_Upp.ETACS_UR.AE_UF076,0
DT_UF076,ETACS_UR.AE_UF076.DT_UF076,0
SD_UF076,ETACS_UR.AE_UF076.SD_UF076,0
AE_UF077,ETAC_Upp.ETACS_UR.AE_UF077,0
DT_UF077,ETACS_UR.AE_UF077.DT_UF077,0
SD_UF077,ETACS_UR.AE_UF077.SD_UF077,0
AE_UF078,ETAC_Upp.ETACS_UR.AE_UF078,0
DT_UF078,ETACS_UR.AE_UF078.DT_UF078,0
SD_UF078,ETACS_UR.AE_UF078.SD_UF078,0
ETACS_UL,PS1_THSy.ETAC_Upp.ETACS_UL,0
Motor002,ETAC_Upp.ETACS_UL.Motor002,0
AE_UB078,ETAC_Upp.ETACS_UL.AE_UB078,0
DT_UB078,ETACS_UL.AE_UB078.DT_UB078,0
SD_UB078,ETACS_UL.AE_UB078.SD_UB078,0
AE_UB077,ETAC_Upp.ETACS_UL.AE_UB077,0
DT_UB077,ETACS_UL.AE_UB077.DT_UB077,0
SD_UB077,ETACS_UL.AE_UB077.SD_UB077,0
AE_UB076,ETAC_Upp.ETACS_UL.AE_UB076,0
DT_UB076,ETACS_UL.AE_UB076.DT_UB076,0
SD_UB076,ETACS_UL.AE_UB076.SD_UB076,0
AE_UB075,ETAC_Upp.ETACS_UL.AE_UB075,0
DT_UB075,ETACS_UL.AE_UB075.DT_UB075,0
SD_UB075,ETACS_UL.AE_UB075.SD_UB075,0
AE_UB074,ETAC_Upp.ETACS_UL.AE_UB074,0
DT_UB074,ETACS_UL.AE_UB074.DT_UB074,0
SD_UB074,ETACS_UL.AE_UB074.SD_UB074,0
AE_UB073,ETAC_Upp.ETACS_UL.AE_UB073,0
DT_UB073,ETACS_UL.AE_UB073.DT_UB073,0
SD_UB073,ETACS_UL.AE_UB073.SD_UB073,0
AE_UB072,ETAC_Upp.ETACS_UL.AE_UB072,0
DT_UB072,ETACS_UL.AE_UB072.DT_UB072,0
SD_UB072,ETACS_UL.AE_UB072.SD_UB072,0
AE_UB071,ETAC_Upp.ETACS_UL.AE_UB071,0
DT_UB071,ETACS_UL.AE_UB071.DT_UB071,0
SD_UB071,ETACS_UL.AE_UB071.SD_UB071,0
AE_UB070,ETAC_Upp.ETACS_UL.AE_UB070,0
DT_UB070,ETACS_UL.AE_UB070.DT_UB070,0
SD_UB070,ETACS_UL.AE_UB070.SD_UB070,0
AE_UB069,ETAC_Upp.ETACS_UL.AE_UB069,0
DT_UB069,ETACS_UL.AE_UB069.DT_UB069,0
SD_UB069,ETACS_UL.AE_UB069.SD_UB069,0
AE_UB068,ETAC_Upp.ETACS_UL.AE_UB068,0
DT_UB068,ETACS_UL.AE_UB068.DT_UB068,0
SD_UB068,ETACS_UL.AE_UB068.SD_UB068,0
AE_UB067,ETAC_Upp.ETACS_UL.AE_UB067,0
DT_UB067,ETACS_UL.AE_UB067.DT_UB067,0
SD_UB067,ETACS_UL.AE_UB067.SD_UB067,0
AE_UB066,ETAC_Upp.ETACS_UL.AE_UB066,0
DT_UB066,ETACS_UL.AE_UB066.DT_UB066,0
SD_UB066,ETACS_UL.AE_UB066.SD_UB066,0
AE_UB065,ETAC_Upp.ETACS_UL.AE_UB065,0
DT_UB065,ETACS_UL.AE_UB065.DT_UB065,0
SD_UB065,ETACS_UL.AE_UB065.SD_UB065,0
AE_UB064,ETAC_Upp.ETACS_UL.AE_UB064,0
DT_UB064,ETACS_UL.AE_UB064.DT_UB064,0
SD_UB064,ETACS_UL.AE_UB064.SD_UB064,0
AE_UB063,ETAC_Upp.ETACS_UL.AE_UB063,0
DT_UB063,ETACS_UL.AE_UB063.DT_UB063,0
SD_UB063,ETACS_UL.AE_UB063.SD_UB063,0
AE_UB062,ETAC_Upp.ETACS_UL.AE_UB062,0
DT_UB062,ETACS_UL.AE_UB062.DT_UB062,0
SD_UB062,ETACS_UL.AE_UB062.SD_UB062,0
AE_UB061,ETAC_Upp.ETACS_UL.AE_UB061,0
DT_UB061,ETACS_UL.AE_UB061.DT_UB061,0
SD_UB061,ETACS_UL.AE_UB061.SD_UB061,0
AE_UB060,ETAC_Upp.ETACS_UL.AE_UB060,0
DT_UB060,ETACS_UL.AE_UB060.DT_UB060,0
SD_UB060,ETACS_UL.AE_UB060.SD_UB060,0
AE_UB059,ETAC_Upp.ETACS_UL.AE_UB059,0
DT_UB059,ETACS_UL.AE_UB059.DT_UB059,0
SD_UB059,ETACS_UL.AE_UB059.SD_UB059,0
AE_UB058,ETAC_Upp.ETACS_UL.AE_UB058,0
DT_UB058,ETACS_UL.AE_UB058.DT_UB058,0
SD_UB058,ETACS_UL.AE_UB058.SD_UB058,0
AE_UB057,ETAC_Upp.ETACS_UL.AE_UB057,0
DT_UB057,ETACS_UL.AE_UB057.DT_UB057,0
SD_UB057,ETACS_UL.AE_UB057.SD_UB057,0
AE_UB056,ETAC_Upp.ETACS_UL.AE_UB056,0
DT_UB056,ETACS_UL.AE_UB056.DT_UB056,0
SD_UB056,ETACS_UL.AE_UB056.SD_UB056,0
AE_UB055,ETAC_Upp.ETACS_UL.AE_UB055,0
DT_UB055,ETACS_UL.AE_UB055.DT_UB055,0
SD_UB055,ETACS_UL.AE_UB055.SD_UB055,0
AE_UB054,ETAC_Upp.ETACS_UL.AE_UB054,0
DT_UB054,ETACS_UL.AE_UB054.DT_UB054,0
SD_UB054,ETACS_UL.AE_UB054.SD_UB054,0
AE_UB053,ETAC_Upp.ETACS_UL.AE_UB053,0
DT_UB053,ETACS_UL.AE_UB053.DT_UB053,0
SD_UB053,ETACS_UL.AE_UB053.SD_UB053,0
AE_UB052,ETAC_Upp.ETACS_UL.AE_UB052,0
DT_UB052,ETACS_UL.AE_UB052.DT_UB052,0
SD_UB052,ETACS_UL.AE_UB052.SD_UB052,0
AE_UB051,ETAC_Upp.ETACS_UL.AE_UB051,0
DT_UB051,ETACS_UL.AE_UB051.DT_UB051,0
SD_UB051,ETACS_UL.AE_UB051.SD_UB051,0
AE_UB050,ETAC_Upp.ETACS_UL.AE_UB050,0
DT_UB050,ETACS_UL.AE_UB050.DT_UB050,0
SD_UB050,ETACS_UL.AE_UB050.SD_UB050,0
AE_UB049,ETAC_Upp.ETACS_UL.AE_UB049,0
DT_UB049,ETACS_UL.AE_UB049.DT_UB049,0
SD_UB049,ETACS_UL.AE_UB049.SD_UB049,0
AE_UB048,ETAC_Upp.ETACS_UL.AE_UB048,0
DT_UB048,ETACS_UL.AE_UB048.DT_UB048,0
SD_UB048,ETACS_UL.AE_UB048.SD_UB048,0
AE_UB047,ETAC_Upp.ETACS_UL.AE_UB047,0
DT_UB047,ETACS_UL.AE_UB047.DT_UB047,0
SD_UB047,ETACS_UL.AE_UB047.SD_UB047,0
AE_UB046,ETAC_Upp.ETACS_UL.AE_UB046,0
DT_UB046,ETACS_UL.AE_UB046.DT_UB046,0
SD_UB046,ETACS_UL.AE_UB046.SD_UB046,0
AE_UB045,ETAC_Upp.ETACS_UL.AE_UB045,0
DT_UB045,ETACS_UL.AE_UB045.DT_UB045,0
SD_UB045,ETACS_UL.AE_UB045.SD_UB045,0
AE_UB044,ETAC_Upp.ETACS_UL.AE_UB044,0
DT_UB044,ETACS_UL.AE_UB044.DT_UB044,0
SD_UB044,ETACS_UL.AE_UB044.SD_UB044,0
AE_UB043,ETAC_Upp.ETACS_UL.AE_UB043,0
DT_UB043,ETACS_UL.AE_UB043.DT_UB043,0
SD_UB043,ETACS_UL.AE_UB043.SD_UB043,0
AE_UB042,ETAC_Upp.ETACS_UL.AE_UB042,0
DT_UB042,ETACS_UL.AE_UB042.DT_UB042,0
SD_UB042,ETACS_UL.AE_UB042.SD_UB042,0
AE_UB041,ETAC_Upp.ETACS_UL.AE_UB041,0
DT_UB041,ETACS_UL.AE_UB041.DT_UB041,0
SD_UB041,ETACS_UL.AE_UB041.SD_UB041,0
AE_UB040,ETAC_Upp.ETACS_UL.AE_UB040,0
DT_UB040,ETACS_UL.AE_UB040.DT_UB040,0
SD_UB040,ETACS_UL.AE_UB040.SD_UB040,0
AE_UB039,ETAC_Upp.ETACS_UL.AE_UB039,0
DT_UB039,ETACS_UL.AE_UB039.DT_UB039,0
SD_UB039,ETACS_UL.AE_UB039.SD_UB039,0
AE_UB038,ETAC_Upp.ETACS_UL.AE_UB038,0
DT_UB038,ETACS_UL.AE_UB038.DT_UB038,0
SD_UB038,ETACS_UL.AE_UB038.SD_UB038,0
AE_UB037,ETAC_Upp.ETACS_UL.AE_UB037,0
DT_UB037,ETACS_UL.AE_UB037.DT_UB037,0
SD_UB037,ETACS_UL.AE_UB037.SD_UB037,0
AE_UB036,ETAC_Upp.ETACS_UL.AE_UB036,0
DT_UB036,ETACS_UL.AE_UB036.DT_UB036,0
SD_UB036,ETACS_UL.AE_UB036.SD_UB036,0
AE_UB035,ETAC_Upp.ETACS_UL.AE_UB035,0
DT_UB035,ETACS_UL.AE_UB035.DT_UB035,0
SD_UB035,ETACS_UL.AE_UB035.SD_UB035,0
AE_UB034,ETAC_Upp.ETACS_UL.AE_UB034,0
DT_UB034,ETACS_UL.AE_UB034.DT_UB034,0
SD_UB034,ETACS_UL.AE_UB034.SD_UB034,0
AE_UB033,ETAC_Upp.ETACS_UL.AE_UB033,0
DT_UB033,ETACS_UL.AE_UB033.DT_UB033,0
SD_UB033,ETACS_UL.AE_UB033.SD_UB033,0
AE_UB032,ETAC_Upp.ETACS_UL.AE_UB032,0
DT_UB032,ETACS_UL.AE_UB032.DT_UB032,0
SD_UB032,ETACS_UL.AE_UB032.SD_UB032,0
AE_UB031,ETAC_Upp.ETACS_UL.AE_UB031,0
DT_UB031,ETACS_UL.AE_UB031.DT_UB031,0
SD_UB031,ETACS_UL.AE_UB031.SD_UB031,0
AE_UB030,ETAC_Upp.ETACS_UL.AE_UB030,0
DT_UB030,ETACS_UL.AE_UB030.DT_UB030,0
SD_UB030,ETACS_UL.AE_UB030.SD_UB030,0
AE_UB029,ETAC_Upp.ETACS_UL.AE_UB029,0
DT_UB029,ETACS_UL.AE_UB029.DT_UB029,0
SD_UB029,ETACS_UL.AE_UB029.SD_UB029,0
AE_UB028,ETAC_Upp.ETACS_UL.AE_UB028,0
DT_UB028,ETACS_UL.AE_UB028.DT_UB028,0
SD_UB028,ETACS_UL.AE_UB028.SD_UB028,0
AE_UB027,ETAC_Upp.ETACS_UL.AE_UB027,0
DT_UB027,ETACS_UL.AE_UB027.DT_UB027,0
SD_UB027,ETACS_UL.AE_UB027.SD_UB027,0
AE_UB026,ETAC_Upp.ETACS_UL.AE_UB026,0
DT_UB026,ETACS_UL.AE_UB026.DT_UB026,0
SD_UB026,ETACS_UL.AE_UB026.SD_UB026,0
AE_UB025,ETAC_Upp.ETACS_UL.AE_UB025,0
DT_UB025,ETACS_UL.AE_UB025.DT_UB025,0
SD_UB025,ETACS_UL.AE_UB025.SD_UB025,0
AE_UB024,ETAC_Upp.ETACS_UL.AE_UB024,0
DT_UB024,ETACS_UL.AE_UB024.DT_UB024,0
SD_UB024,ETACS_UL.AE_UB024.SD_UB024,0
AE_UB023,ETAC_Upp.ETACS_UL.AE_UB023,0
DT_UB023,ETACS_UL.AE_UB023.DT_UB023,0
SD_UB023,ETACS_UL.AE_UB023.SD_UB023,0
AE_UB022,ETAC_Upp.ETACS_UL.AE_UB022,0
DT_UB022,ETACS_UL.AE_UB022.DT_UB022,0
SD_UB022,ETACS_UL.AE_UB022.SD_UB022,0
AE_UB021,ETAC_Upp.ETACS_UL.AE_UB021,0
DT_UB021,ETACS_UL.AE_UB021.DT_UB021,0
SD_UB021,ETACS_UL.AE_UB021.SD_UB021,0
AE_UB020,ETAC_Upp.ETACS_UL.AE_UB020,0
DT_UB020,ETACS_UL.AE_UB020.DT_UB020,0
SD_UB020,ETACS_UL.AE_UB020.SD_UB020,0
AE_UB019,ETAC_Upp.ETACS_UL.AE_UB019,0
DT_UB019,ETACS_UL.AE_UB019.DT_UB019,0
SD_UB019,ETACS_UL.AE_UB019.SD_UB019,0
AE_UB018,ETAC_Upp.ETACS_UL.AE_UB018,0
DT_UB018,ETACS_UL.AE_UB018.DT_UB018,0
SD_UB018,ETACS_UL.AE_UB018.SD_UB018,0
AE_UB017,ETAC_Upp.ETACS_UL.AE_UB017,0
DT_UB017,ETACS_UL.AE_UB017.DT_UB017,0
SD_UB017,ETACS_UL.AE_UB017.SD_UB017,0
AE_UB016,ETAC_Upp.ETACS_UL.AE_UB016,0
DT_UB016,ETACS_UL.AE_UB016.DT_UB016,0
SD_UB016,ETACS_UL.AE_UB016.SD_UB016,0
AE_UB015,ETAC_Upp.ETACS_UL.AE_UB015,0
DT_UB015,ETACS_UL.AE_UB015.DT_UB015,0
SD_UB015,ETACS_UL.AE_UB015.SD_UB015,0
AE_UB014,ETAC_Upp.ETACS_UL.AE_UB014,0
DT_UB014,ETACS_UL.AE_UB014.DT_UB014,0
SD_UB014,ETACS_UL.AE_UB014.SD_UB014,0
AE_UB013,ETAC_Upp.ETACS_UL.AE_UB013,0
DT_UB013,ETACS_UL.AE_UB013.DT_UB013,0
SD_UB013,ETACS_UL.AE_UB013.SD_UB013,0
AE_UB012,ETAC_Upp.ETACS_UL.AE_UB012,0
DT_UB012,ETACS_UL.AE_UB012.DT_UB012,0
SD_UB012,ETACS_UL.AE_UB012.SD_UB012,0
AE_UB011,ETAC_Upp.ETACS_UL.AE_UB011,0
DT_UB011,ETACS_UL.AE_UB011.DT_UB011,0
SD_UB011,ETACS_UL.AE_UB011.SD_UB011,0
AE_UB010,ETAC_Upp.ETACS_UL.AE_UB010,0
DT_UB010,ETACS_UL.AE_UB010.DT_UB010,0
SD_UB010,ETACS_UL.AE_UB010.SD_UB010,0
AE_UB009,ETAC_Upp.ETACS_UL.AE_UB009,0
DT_UB009,ETACS_UL.AE_UB009.DT_UB009,0
SD_UB009,ETACS_UL.AE_UB009.SD_UB009,0
AE_UB008,ETAC_Upp.ETACS_UL.AE_UB008,0
DT_UB008,ETACS_UL.AE_UB008.DT_UB008,0
SD_UB008,ETACS_UL.AE_UB008.SD_UB008,0
AE_UB007,ETAC_Upp.ETACS_UL.AE_UB007,0
DT_UB007,ETACS_UL.AE_UB007.DT_UB007,0
SD_UB007,ETACS_UL.AE_UB007.SD_UB007,0
AE_UB006,ETAC_Upp.ETACS_UL.AE_UB006,0
DT_UB006,ETACS_UL.AE_UB006.DT_UB006,0
SD_UB006,ETACS_UL.AE_UB006.SD_UB006,0
AE_UB005,ETAC_Upp.ETACS_UL.AE_UB005,0
DT_UB005,ETACS_UL.AE_UB005.DT_UB005,0
SD_UB005,ETACS_UL.AE_UB005.SD_UB005,0
AE_UB004,ETAC_Upp.ETACS_UL.AE_UB004,0
DT_UB004,ETACS_UL.AE_UB004.DT_UB004,0
SD_UB004,ETACS_UL.AE_UB004.SD_UB004,0
AE_UB003,ETAC_Upp.ETACS_UL.AE_UB003,0
DT_UB003,ETACS_UL.AE_UB003.DT_UB003,0
SD_UB003,ETACS_UL.AE_UB003.SD_UB003,0
AE_UB002,ETAC_Upp.ETACS_UL.AE_UB002,0
DT_UB002,ETACS_UL.AE_UB002.DT_UB002,0
SD_UB002,ETACS_UL.AE_UB002.SD_UB002,0
AE_UB001,ETAC_Upp.ETACS_UL.AE_UB001,0
DT_UB001,ETACS_UL.AE_UB001.DT_UB001,0
SD_UB001,ETACS_UL.AE_UB001.SD_UB001,0
UppUTurn,PS1_THSy.ETAC_Upp.UppUTurn,0
UPUT_001,ETAC_Upp.UppUTurn.UPUT_001,0
MotorUU1,UppUTurn.UPUT_001.MotorUU1,0
AE_UU001,UppUTurn.UPUT_001.AE_UU001,0
DT_UU001,UPUT_001.AE_UU001.DT_UU001,0
UPUT_002,ETAC_Upp.UppUTurn.UPUT_002,0
MotorUU2,UppUTurn.UPUT_002.MotorUU2,0
AE_UU002,UppUTurn.UPUT_002.AE_UU002,0
DT_UU002,UPUT_002.AE_UU002.DT_UU002,0
ETAC_Low,PS1_THSy.ETAC_Low,0
ETACS_LR,PS1_THSy.ETAC_Low.ETACS_LR,0
Motor003,ETAC_Low.ETACS_LR.Motor003,0
AE_LF001,ETAC_Low.ETACS_LR.AE_LF001,0
DT_LF001,ETACS_LR.AE_LF001.DT_LF001,0
SD_LF001,ETACS_LR.AE_LF001.SD_LF001,0
AE_LF002,ETAC_Low.ETACS_LR.AE_LF002,0
DT_LF002,ETACS_LR.AE_LF002.DT_LF002,0
SD_LF002,ETACS_LR.AE_LF002.SD_LF002,0
AE_LF003,ETAC_Low.ETACS_LR.AE_LF003,0
DT_LF003,ETACS_LR.AE_LF003.DT_LF003,0
SD_LF003,ETACS_LR.AE_LF003.SD_LF003,0
AE_LF004,ETAC_Low.ETACS_LR.AE_LF004,0
DT_LF004,ETACS_LR.AE_LF004.DT_LF004,0
SD_LF004,ETACS_LR.AE_LF004.SD_LF004,0
AE_LF005,ETAC_Low.ETACS_LR.AE_LF005,0
DT_LF005,ETACS_LR.AE_LF005.DT_LF005,0
SD_LF005,ETACS_LR.AE_LF005.SD_LF005,0
AE_LF006,ETAC_Low.ETACS_LR.AE_LF006,0
DT_LF006,ETACS_LR.AE_LF006.DT_LF006,0
SD_LF006,ETACS_LR.AE_LF006.SD_LF006,0
AE_LF007,ETAC_Low.ETACS_LR.AE_LF007,0
DT_LF007,ETACS_LR.AE_LF007.DT_LF007,0
SD_LF007,ETACS_LR.AE_LF007.SD_LF007,0
AE_LF008,ETAC_Low.ETACS_LR.AE_LF008,0
DT_LF008,ETACS_LR.AE_LF008.DT_LF008,0
SD_LF008,ETACS_LR.AE_LF008.SD_LF008,0
AE_LF009,ETAC_Low.ETACS_LR.AE_LF009,0
DT_LF009,ETACS_LR.AE_LF009.DT_LF009,0
SD_LF009,ETACS_LR.AE_LF009.SD_LF009,0
AE_LF010,ETAC_Low.ETACS_LR.AE_LF010,0
DT_LF010,ETACS_LR.AE_LF010.DT_LF010,0
SD_LF010,ETACS_LR.AE_LF010.SD_LF010,0
AE_LF011,ETAC_Low.ETACS_LR.AE_LF011,0
DT_LF011,ETACS_LR.AE_LF011.DT_LF011,0
SD_LF011,ETACS_LR.AE_LF011.SD_LF011,0
AE_LF012,ETAC_Low.ETACS_LR.AE_LF012,0
DT_LF012,ETACS_LR.AE_LF012.DT_LF012,0
SD_LF012,ETACS_LR.AE_LF012.SD_LF012,0
AE_LF013,ETAC_Low.ETACS_LR.AE_LF013,0
DT_LF013,ETACS_LR.AE_LF013.DT_LF013,0
SD_LF013,ETACS_LR.AE_LF013.SD_LF013,0
AE_LF014,ETAC_Low.ETACS_LR.AE_LF014,0
DT_LF014,ETACS_LR.AE_LF014.DT_LF014,0
SD_LF014,ETACS_LR.AE_LF014.SD_LF014,0
AE_LF015,ETAC_Low.ETACS_LR.AE_LF015,0
DT_LF015,ETACS_LR.AE_LF015.DT_LF015,0
SD_LF015,ETACS_LR.AE_LF015.SD_LF015,0
AE_LF016,ETAC_Low.ETACS_LR.AE_LF016,0
DT_LF016,ETACS_LR.AE_LF016.DT_LF016,0
SD_LF016,ETACS_LR.AE_LF016.SD_LF016,0
AE_LF017,ETAC_Low.ETACS_LR.AE_LF017,0
DT_LF017,ETACS_LR.AE_LF017.DT_LF017,0
SD_LF017,ETACS_LR.AE_LF017.SD_LF017,0
AE_LF018,ETAC_Low.ETACS_LR.AE_LF018,0
DT_LF018,ETACS_LR.AE_LF018.DT_LF018,0
SD_LF018,ETACS_LR.AE_LF018.SD_LF018,0
AE_LF019,ETAC_Low.ETACS_LR.AE_LF019,0
DT_LF019,ETACS_LR.AE_LF019.DT_LF019,0
SD_LF019,ETACS_LR.AE_LF019.SD_LF019,0
AE_LF020,ETAC_Low.ETACS_LR.AE_LF020,0
DT_LF020,ETACS_LR.AE_LF020.DT_LF020,0
SD_LF020,ETACS_LR.AE_LF020.SD_LF020,0
AE_LF021,ETAC_Low.ETACS_LR.AE_LF021,0
DT_LF021,ETACS_LR.AE_LF021.DT_LF021,0
SD_LF021,ETACS_LR.AE_LF021.SD_LF021,0
AE_LF022,ETAC_Low.ETACS_LR.AE_LF022,0
DT_LF022,ETACS_LR.AE_LF022.DT_LF022,0
SD_LF022,ETACS_LR.AE_LF022.SD_LF022,0
AE_LF023,ETAC_Low.ETACS_LR.AE_LF023,0
DT_LF023,ETACS_LR.AE_LF023.DT_LF023,0
SD_LF023,ETACS_LR.AE_LF023.SD_LF023,0
AE_LF024,ETAC_Low.ETACS_LR.AE_LF024,0
DT_LF024,ETACS_LR.AE_LF024.DT_LF024,0
SD_LF024,ETACS_LR.AE_LF024.SD_LF024,0
AE_LF025,ETAC_Low.ETACS_LR.AE_LF025,0
DT_LF025,ETACS_LR.AE_LF025.DT_LF025,0
SD_LF025,ETACS_LR.AE_LF025.SD_LF025,0
AE_LF026,ETAC_Low.ETACS_LR.AE_LF026,0
DT_LF026,ETACS_LR.AE_LF026.DT_LF026,0
SD_LF026,ETACS_LR.AE_LF026.SD_LF026,0
AE_LF027,ETAC_Low.ETACS_LR.AE_LF027,0
DT_LF027,ETACS_LR.AE_LF027.DT_LF027,0
SD_LF027,ETACS_LR.AE_LF027.SD_LF027,0
AE_LF028,ETAC_Low.ETACS_LR.AE_LF028,0
DT_LF028,ETACS_LR.AE_LF028.DT_LF028,0
SD_LF028,ETACS_LR.AE_LF028.SD_LF028,0
AE_LF029,ETAC_Low.ETACS_LR.AE_LF029,0
DT_LF029,ETACS_LR.AE_LF029.DT_LF029,0
SD_LF029,ETACS_LR.AE_LF029.SD_LF029,0
AE_LF030,ETAC_Low.ETACS_LR.AE_LF030,0
DT_LF030,ETACS_LR.AE_LF030.DT_LF030,0
SD_LF030,ETACS_LR.AE_LF030.SD_LF030,0
AE_LF031,ETAC_Low.ETACS_LR.AE_LF031,0
DT_LF031,ETACS_LR.AE_LF031.DT_LF031,0
SD_LF031,ETACS_LR.AE_LF031.SD_LF031,0
AE_LF032,ETAC_Low.ETACS_LR.AE_LF032,0
DT_LF032,ETACS_LR.AE_LF032.DT_LF032,0
SD_LF032,ETACS_LR.AE_LF032.SD_LF032,0
AE_LF033,ETAC_Low.ETACS_LR.AE_LF033,0
DT_LF033,ETACS_LR.AE_LF033.DT_LF033,0
SD_LF033,ETACS_LR.AE_LF033.SD_LF033,0
AE_LF034,ETAC_Low.ETACS_LR.AE_LF034,0
DT_LF034,ETACS_LR.AE_LF034.DT_LF034,0
SD_LF034,ETACS_LR.AE_LF034.SD_LF034,0
AE_LF035,ETAC_Low.ETACS_LR.AE_LF035,0
DT_LF035,ETACS_LR.AE_LF035.DT_LF035,0
SD_LF035,ETACS_LR.AE_LF035.SD_LF035,0
AE_LF036,ETAC_Low.ETACS_LR.AE_LF036,0
DT_LF036,ETACS_LR.AE_LF036.DT_LF036,0
SD_LF036,ETACS_LR.AE_LF036.SD_LF036,0
AE_LF037,ETAC_Low.ETACS_LR.AE_LF037,0
DT_LF037,ETACS_LR.AE_LF037.DT_LF037,0
SD_LF037,ETACS_LR.AE_LF037.SD_LF037,0
AE_LF038,ETAC_Low.ETACS_LR.AE_LF038,0
DT_LF038,ETACS_LR.AE_LF038.DT_LF038,0
SD_LF038,ETACS_LR.AE_LF038.SD_LF038,0
AE_LF039,ETAC_Low.ETACS_LR.AE_LF039,0
DT_LF039,ETACS_LR.AE_LF039.DT_LF039,0
SD_LF039,ETACS_LR.AE_LF039.SD_LF039,0
AE_LF040,ETAC_Low.ETACS_LR.AE_LF040,0
DT_LF040,ETACS_LR.AE_LF040.DT_LF040,0
SD_LF040,ETACS_LR.AE_LF040.SD_LF040,0
AE_LF041,ETAC_Low.ETACS_LR.AE_LF041,0
DT_LF041,ETACS_LR.AE_LF041.DT_LF041,0
SD_LF041,ETACS_LR.AE_LF041.SD_LF041,0
AE_LF042,ETAC_Low.ETACS_LR.AE_LF042,0
DT_LF042,ETACS_LR.AE_LF042.DT_LF042,0
SD_LF042,ETACS_LR.AE_LF042.SD_LF042,0
AE_LF043,ETAC_Low.ETACS_LR.AE_LF043,0
SD_LB034,ETACS_LL.AE_LB034.SD_LB034,0
AE_LB033,ETAC_Low.ETACS_LL.AE_LB033,0
DT_LB033,ETACS_LL.AE_LB033.DT_LB033,0
SD_LB033,ETACS_LL.AE_LB033.SD_LB033,0
AE_LB032,ETAC_Low.ETACS_LL.AE_LB032,0
DT_LB032,ETACS_LL.AE_LB032.DT_LB032,0
SD_LB032,ETACS_LL.AE_LB032.SD_LB032,0
AE_LB031,ETAC_Low.ETACS_LL.AE_LB031,0
DT_LB031,ETACS_LL.AE_LB031.DT_LB031,0
SD_LB031,ETACS_LL.AE_LB031.SD_LB031,0
AE_LB030,ETAC_Low.ETACS_LL.AE_LB030,0
DT_LB030,ETACS_LL.AE_LB030.DT_LB030,0
SD_LB030,ETACS_LL.AE_LB030.SD_LB030,0
AE_LB029,ETAC_Low.ETACS_LL.AE_LB029,0
DT_LB029,ETACS_LL.AE_LB029.DT_LB029,0
SD_LB029,ETACS_LL.AE_LB029.SD_LB029,0
AE_LB028,ETAC_Low.ETACS_LL.AE_LB028,0
DT_LB028,ETACS_LL.AE_LB028.DT_LB028,0
SD_LB028,ETACS_LL.AE_LB028.SD_LB028,0
AE_LB027,ETAC_Low.ETACS_LL.AE_LB027,0
DT_LB027,ETACS_LL.AE_LB027.DT_LB027,0
SD_LB027,ETACS_LL.AE_LB027.SD_LB027,0
AE_LB026,ETAC_Low.ETACS_LL.AE_LB026,0
DT_LB026,ETACS_LL.AE_LB026.DT_LB026,0
SD_LB026,ETACS_LL.AE_LB026.SD_LB026,0
AE_LB025,ETAC_Low.ETACS_LL.AE_LB025,0
DT_LB025,ETACS_LL.AE_LB025.DT_LB025,0
SD_LB025,ETACS_LL.AE_LB025.SD_LB025,0
AE_LB024,ETAC_Low.ETACS_LL.AE_LB024,0
DT_LB024,ETACS_LL.AE_LB024.DT_LB024,0
SD_LB024,ETACS_LL.AE_LB024.SD_LB024,0
AE_LB023,ETAC_Low.ETACS_LL.AE_LB023,0
DT_LB023,ETACS_LL.AE_LB023.DT_LB023,0
SD_LB023,ETACS_LL.AE_LB023.SD_LB023,0
AE_LB022,ETAC_Low.ETACS_LL.AE_LB022,0
DT_LB022,ETACS_LL.AE_LB022.DT_LB022,0
SD_LB022,ETACS_LL.AE_LB022.SD_LB022,0
AE_LB021,ETAC_Low.ETACS_LL.AE_LB021,0
DT_LB021,ETACS_LL.AE_LB021.DT_LB021,0
SD_LB021,ETACS_LL.AE_LB021.SD_LB021,0
AE_LB020,ETAC_Low.ETACS_LL.AE_LB020,0
DT_LB020,ETACS_LL.AE_LB020.DT_LB020,0
SD_LB020,ETACS_LL.AE_LB020.SD_LB020,0
AE_LB019,ETAC_Low.ETACS_LL.AE_LB019,0
DT_LB019,ETACS_LL.AE_LB019.DT_LB019,0
SD_LB019,ETACS_LL.AE_LB019.SD_LB019,0
AE_LB018,ETAC_Low.ETACS_LL.AE_LB018,0
DT_LB018,ETACS_LL.AE_LB018.DT_LB018,0
SD_LB018,ETACS_LL.AE_LB018.SD_LB018,0
AE_LB017,ETAC_Low.ETACS_LL.AE_LB017,0
DT_LB017,ETACS_LL.AE_LB017.DT_LB017,0
SD_LB017,ETACS_LL.AE_LB017.SD_LB017,0
AE_LB016,ETAC_Low.ETACS_LL.AE_LB016,0
DT_LB016,ETACS_LL.AE_LB016.DT_LB016,0
SD_LB016,ETACS_LL.AE_LB016.SD_LB016,0
AE_LB015,ETAC_Low.ETACS_LL.AE_LB015,0
DT_LB015,ETACS_LL.AE_LB015.DT_LB015,0
SD_LB015,ETACS_LL.AE_LB015.SD_LB015,0
AE_LB014,ETAC_Low.ETACS_LL.AE_LB014,0
DT_LB014,ETACS_LL.AE_LB014.DT_LB014,0
SD_LB014,ETACS_LL.AE_LB014.SD_LB014,0
AE_LB013,ETAC_Low.ETACS_LL.AE_LB013,0
DT_LB013,ETACS_LL.AE_LB013.DT_LB013,0
SD_LB013,ETACS_LL.AE_LB013.SD_LB013,0
AE_LB012,ETAC_Low.ETACS_LL.AE_LB012,0
DT_LB012,ETACS_LL.AE_LB012.DT_LB012,0
SD_LB012,ETACS_LL.AE_LB012.SD_LB012,0
AE_LB011,ETAC_Low.ETACS_LL.AE_LB011,0
DT_LB011,ETACS_LL.AE_LB011.DT_LB011,0
SD_LB011,ETACS_LL.AE_LB011.SD_LB011,0
AE_LB010,ETAC_Low.ETACS_LL.AE_LB010,0
DT_LB010,ETACS_LL.AE_LB010.DT_LB010,0
SD_LB010,ETACS_LL.AE_LB010.SD_LB010,0
AE_LB009,ETAC_Low.ETACS_LL.AE_LB009,0
DT_LB009,ETACS_LL.AE_LB009.DT_LB009,0
SD_LB009,ETACS_LL.AE_LB009.SD_LB009,0
AE_LB008,ETAC_Low.ETACS_LL.AE_LB008,0
DT_LB008,ETACS_LL.AE_LB008.DT_LB008,0
SD_LB008,ETACS_LL.AE_LB008.SD_LB008,0
AE_LB007,ETAC_Low.ETACS_LL.AE_LB007,0
DT_LB007,ETACS_LL.AE_LB007.DT_LB007,0
SD_LB007,ETACS_LL.AE_LB007.SD_LB007,0
AE_LB006,ETAC_Low.ETACS_LL.AE_LB006,0
DT_LB006,ETACS_LL.AE_LB006.DT_LB006,0
SD_LB006,ETACS_LL.AE_LB006.SD_LB006,0
AE_LB005,ETAC_Low.ETACS_LL.AE_LB005,0
DT_LB005,ETACS_LL.AE_LB005.DT_LB005,0
SD_LB005,ETACS_LL.AE_LB005.SD_LB005,0
AE_LB004,ETAC_Low.ETACS_LL.AE_LB004,0
DT_LB004,ETACS_LL.AE_LB004.DT_LB004,0
SD_LB004,ETACS_LL.AE_LB004.SD_LB004,0
AE_LB003,ETAC_Low.ETACS_LL.AE_LB003,0
DT_LB003,ETACS_LL.AE_LB003.DT_LB003,0
SD_LB003,ETACS_LL.AE_LB003.SD_LB003,0
AE_LB002,ETAC_Low.ETACS_LL.AE_LB002,0
DT_LB002,ETACS_LL.AE_LB002.DT_LB002,0
SD_LB002,ETACS_LL.AE_LB002.SD_LB002,0
AE_LB001,ETAC_Low.ETACS_LL.AE_LB001,0
DT_LB001,ETACS_LL.AE_LB001.DT_LB001,0
SD_LB001,ETACS_LL.AE_LB001.SD_LB001,0
LowUTurn,PS1_THSy.ETAC_Low.LowUTurn,0
LOUT_001,ETAC_Low.LowUTurn.LOUT_001,0
MotorLU1,LowUTurn.LOUT_001.MotorLU1,0
AE_LU001,LowUTurn.LOUT_001.AE_LU001,0
DT_LU001,LOUT_001.AE_LU001.DT_LU001,0
LOUT_002,ETAC_Low.LowUTurn.LOUT_002,0
MotorLU2,LowUTurn.LOUT_002.MotorLU2,0
AE_LU002,LowUTurn.LOUT_002.AE_LU002,0
DT_LU002,LOUT_002.AE_LU002.DT_LU002,0
TD_UF001,PS1_THSy.TD_UF001,0
TD_UF002,PS1_THSy.TD_UF002,0
TD_UF003,PS1_THSy.TD_UF003,0
TD_UF004,PS1_THSy.TD_UF004,0
TD_UF005,PS1_THSy.TD_UF005,0
TD_UF006,PS1_THSy.TD_UF006,0
TD_UF007,PS1_THSy.TD_UF007,0
TD_UF008,PS1_THSy.TD_UF008,0
TD_UF009,PS1_THSy.TD_UF009,0
TD_UF010,PS1_THSy.TD_UF010,0
TD_UF011,PS1_THSy.TD_UF011,0
TD_UF012,PS1_THSy.TD_UF012,0
TD_UF013,PS1_THSy.TD_UF013,0
TD_UF014,PS1_THSy.TD_UF014,0
TD_UF015,PS1_THSy.TD_UF015,0
TD_UF016,PS1_THSy.TD_UF016,0
TD_UF017,PS1_THSy.TD_UF017,0
TD_UF018,PS1_THSy.TD_UF018,0
TD_UF019,PS1_THSy.TD_UF019,0
TD_UF020,PS1_THSy.TD_UF020,0
TD_UF021,PS1_THSy.TD_UF021,0
TD_UF022,PS1_THSy.TD_UF022,0
TD_UF023,PS1_THSy.TD_UF023,0
TD_UF024,PS1_THSy.TD_UF024,0
TD_UF025,PS1_THSy.TD_UF025,0
TD_UF026,PS1_THSy.TD_UF026,0
TD_UF027,PS1_THSy.TD_UF027,0
TD_UF028,PS1_THSy.TD_UF028,0
TD_UF029,PS1_THSy.TD_UF029,0
TD_UF030,PS1_THSy.TD_UF030,0
TD_UF031,PS1_THSy.TD_UF031,0
TD_UF032,PS1_THSy.TD_UF032,0
TD_UF033,PS1_THSy.TD_UF033,0
TD_UF034,PS1_THSy.TD_UF034,0
TD_UF035,PS1_THSy.TD_UF035,0
TD_UF036,PS1_THSy.TD_UF036,0
TD_UF037,PS1_THSy.TD_UF037,0
TD_UF038,PS1_THSy.TD_UF038,0
TD_UF039,PS1_THSy.TD_UF039,0
TD_UF040,PS1_THSy.TD_UF040,0
TD_UF041,PS1_THSy.TD_UF041,0
TD_UF042,PS1_THSy.TD_UF042,0
TD_UF043,PS1_THSy.TD_UF043,0
TD_UF044,PS1_THSy.TD_UF044,0
TD_UF045,PS1_THSy.TD_UF045,0
TD_UF046,PS1_THSy.TD_UF046,0
TD_UF047,PS1_THSy.TD_UF047,0
TD_UF048,PS1_THSy.TD_UF048,0
TD_UF049,PS1_THSy.TD_UF049,0
TD_UF050,PS1_THSy.TD_UF050,0
TD_UF051,PS1_THSy.TD_UF051,0
TD_UF052,PS1_THSy.TD_UF052,0
TD_UF053,PS1_THSy.TD_UF053,0
TD_UF054,PS1_THSy.TD_UF054,0
TD_UF055,PS1_THSy.TD_UF055,0
TD_UF056,PS1_THSy.TD_UF056,0
TD_UF057,PS1_THSy.TD_UF057,0
TD_UF058,PS1_THSy.TD_UF058,0
TD_UF059,PS1_THSy.TD_UF059,0
TD_UF060,PS1_THSy.TD_UF060,0
TD_UF061,PS1_THSy.TD_UF061,0
TD_UF062,PS1_THSy.TD_UF062,0
TD_UF063,PS1_THSy.TD_UF063,0
TD_UF064,PS1_THSy.TD_UF064,0
TD_UF065,PS1_THSy.TD_UF065,0
TD_UF066,PS1_THSy.TD_UF066,0
TD_UF067,PS1_THSy.TD_UF067,0
TD_UF068,PS1_THSy.TD_UF068,0
TD_UF069,PS1_THSy.TD_UF069,0
TD_UF070,PS1_THSy.TD_UF070,0
TD_UF071,PS1_THSy.TD_UF071,0
TD_UF072,PS1_THSy.TD_UF072,0
TD_UF073,PS1_THSy.TD_UF073,0
TD_UF074,PS1_THSy.TD_UF074,0
TD_UF075,PS1_THSy.TD_UF075,0
TD_UF076,PS1_THSy.TD_UF076,0
TD_UF077,PS1_THSy.TD_UF077,0
TD_UF078,PS1_THSy.TD_UF078,0
TD_LF001,PS1_THSy.TD_LF001,0
TD_LF002,PS1_THSy.TD_LF002,0
TD_LF003,PS1_THSy.TD_LF003,0
TD_LF004,PS1_THSy.TD_LF004,0
TD_LF005,PS1_THSy.TD_LF005,0
TD_LF006,PS1_THSy.TD_LF006,0
TD_LF007,PS1_THSy.TD_LF007,0
TD_LF008,PS1_THSy.TD_LF008,0
TD_LF009,PS1_THSy.TD_LF009,0
TD_LF010,PS1_THSy.TD_LF010,0
TD_LF011,PS1_THSy.TD_LF011,0
TD_LF012,PS1_THSy.TD_LF012,0
TD_LF013,PS1_THSy.TD_LF013,0
TD_LF014,PS1_THSy.TD_LF014,0
TD_LF015,PS1_THSy.TD_LF015,0
TD_LF016,PS1_THSy.TD_LF016,0
TD_LF017,PS1_THSy.TD_LF017,0
TD_LF018,PS1_THSy.TD_LF018,0
TD_LF019,PS1_THSy.TD_LF019,0
TD_LF020,PS1_THSy.TD_LF020,0
TD_LF021,PS1_THSy.TD_LF021,0
TD_LF022,PS1_THSy.TD_LF022,0
TD_LF023,PS1_THSy.TD_LF023,0
TD_LF024,PS1_THSy.TD_LF024,0
TD_LF025,PS1_THSy.TD_LF025,0
TD_LF026,PS1_THSy.TD_LF026,0
TD_LF027,PS1_THSy.TD_LF027,0
TD_LF028,PS1_THSy.TD_LF028,0
TD_LF029,PS1_THSy.TD_LF029,0
TD_LF030,PS1_THSy.TD_LF030,0
TD_LF031,PS1_THSy.TD_LF031,0
TD_LF032,PS1_THSy.TD_LF032,0
TD_LF033,PS1_THSy.TD_LF033,0
TD_LF034,PS1_THSy.TD_LF034,0
TD_LF035,PS1_THSy.TD_LF035,0
TD_LF036,PS1_THSy.TD_LF036,0
TD_LF037,PS1_THSy.TD_LF037,0
TD_LF038,PS1_THSy.TD_LF038,0
TD_LF039,PS1_THSy.TD_LF039,0
TD_LF040,PS1_THSy.TD_LF040,0
TD_LF041,PS1_THSy.TD_LF041,0
TD_LF042,PS1_THSy.TD_LF042,0
TD_LF043,PS1_THSy.TD_LF043,0
TD_LF044,PS1_THSy.TD_LF044,0
TD_LF045,PS1_THSy.TD_LF045,0
TD_LF046,PS1_THSy.TD_LF046,0
TD_LF047,PS1_THSy.TD_LF047,0
TD_LF048,PS1_THSy.TD_LF048,0
TD_LF049,PS1_THSy.TD_LF049,0
TD_LF050,PS1_THSy.TD_LF050,0
TD_LF051,PS1_THSy.TD_LF051,0
TD_LF052,PS1_THSy.TD_LF052,0
TD_LF053,PS1_THSy.TD_LF053,0
TD_LF054,PS1_THSy.TD_LF054,0
TD_LF055,PS1_THSy.TD_LF055,0
TD_LF056,PS1_THSy.TD_LF056,0
TD_LF057,PS1_THSy.TD_LF057,0
TD_LF058,PS1_THSy.TD_LF058,0
TD_LF059,PS1_THSy.TD_LF059,0
TD_LF060,PS1_THSy.TD_LF060,0
TD_LF061,PS1_THSy.TD_LF061,0
TD_LF062,PS1_THSy.TD_LF062,0
TD_LF063,PS1_THSy.TD_LF063,0
TD_LF064,PS1_THSy.TD_LF064,0
TD_LF065,PS1_THSy.TD_LF065,0
TD_LF066,PS1_THSy.TD_LF066,0
TD_LF067,PS1_THSy.TD_LF067,0
TD_LF068,PS1_THSy.TD_LF068,0
TD_LF069,PS1_THSy.TD_LF069,0
TD_LF070,PS1_THSy.TD_LF070,0
TD_LF071,PS1_THSy.TD_LF071,0
TD_LF072,PS1_THSy.TD_LF072,0
TD_LF073,PS1_THSy.TD_LF073,0
TD_LF074,PS1_THSy.TD_LF074,0
TD_LF075,PS1_THSy.TD_LF075,0
TD_LF076,PS1_THSy.TD_LF076,0
TD_LF077,PS1_THSy.TD_LF077,0
TD_LF078,PS1_THSy.TD_LF078,0
TD_UB001,PS1_THSy.TD_UB001,0
TD_UB002,PS1_THSy.TD_UB002,0
TD_UB003,PS1_THSy.TD_UB003,0
TD_UB004,PS1_THSy.TD_UB004,0
TD_UB005,PS1_THSy.TD_UB005,0
TD_UB006,PS1_THSy.TD_UB006,0
TD_UB007,PS1_THSy.TD_UB007,0
TD_UB008,PS1_THSy.TD_UB008,0
TD_UB009,PS1_THSy.TD_UB009,0
TD_UB010,PS1_THSy.TD_UB010,0
TD_UB011,PS1_THSy.TD_UB011,0
TD_UB012,PS1_THSy.TD_UB012,0
TD_UB013,PS1_THSy.TD_UB013,0
TD_UB014,PS1_THSy.TD_UB014,0
TD_UB015,PS1_THSy.TD_UB015,0
TD_UB016,PS1_THSy.TD_UB016,0
TD_UB017,PS1_THSy.TD_UB017,0
TD_UB018,PS1_THSy.TD_UB018,0
TD_UB019,PS1_THSy.TD_UB019,0
TD_UB020,PS1_THSy.TD_UB020,0
TD_UB021,PS1_THSy.TD_UB021,0
TD_UB022,PS1_THSy.TD_UB022,0
TD_UB023,PS1_THSy.TD_UB023,0
TD_UB024,PS1_THSy.TD_UB024,0
TD_UB025,PS1_THSy.TD_UB025,0
TD_UB026,PS1_THSy.TD_UB026,0
TD_UB027,PS1_THSy.TD_UB027,0
TD_UB028,PS1_THSy.TD_UB028,0
TD_UB029,PS1_THSy.TD_UB029,0
TD_UB030,PS1_THSy.TD_UB030,0
TD_UB031,PS1_THSy.TD_UB031,0
TD_UB032,PS1_THSy.TD_UB032,0
TD_UB033,PS1_THSy.TD_UB033,0
TD_UB034,PS1_THSy.TD_UB034,0
TD_UB035,PS1_THSy.TD_UB035,0
TD_UB036,PS1_THSy.TD_UB036,0
TD_UB037,PS1_THSy.TD_UB037,0
TD_UB038,PS1_THSy.TD_UB038,0
TD_UB039,PS1_THSy.TD_UB039,0
TD_UB040,PS1_THSy.TD_UB040,0
TD_UB041,PS1_THSy.TD_UB041,0
TD_UB042,PS1_THSy.TD_UB042,0
TD_UB043,PS1_THSy.TD_UB043,0
TD_UB044,PS1_THSy.TD_UB044,0
TD_UB045,PS1_THSy.TD_UB045,0
TD_UB046,PS1_THSy.TD_UB046,0
TD_UB047,PS1_THSy.TD_UB047,0
TD_UB048,PS1_THSy.TD_UB048,0
TD_UB049,PS1_THSy.TD_UB049,0
TD_UB050,PS1_THSy.TD_UB050,0
TD_UB051,PS1_THSy.TD_UB051,0
TD_UB052,PS1_THSy.TD_UB052,0
TD_UB053,PS1_THSy.TD_UB053,0
TD_UB054,PS1_THSy.TD_UB054,0
TD_UB055,PS1_THSy.TD_UB055,0
TD_UB056,PS1_THSy.TD_UB056,0
TD_UB057,PS1_THSy.TD_UB057,0
TD_UB058,PS1_THSy.TD_UB058,0
TD_UB059,PS1_THSy.TD_UB059,0
TD_UB060,PS1_THSy.TD_UB060,0
TD_UB061,PS1_THSy.TD_UB061,0
TD_UB062,PS1_THSy.TD_UB062,0
TD_UB063,PS1_THSy.TD_UB063,0
TD_UB064,PS1_THSy.TD_UB064,0
TD_UB065,PS1_THSy.TD_UB065,0
TD_UB066,PS1_THSy.TD_UB066,0
TD_UB067,PS1_THSy.TD_UB067,0
TD_UB068,PS1_THSy.TD_UB068,0
TD_UB069,PS1_THSy.TD_UB069,0
TD_UB070,PS1_THSy.TD_UB070,0
TD_UB071,PS1_THSy.TD_UB071,0
TD_UB072,PS1_THSy.TD_UB072,0
TD_UB073,PS1_THSy.TD_UB073,0
TD_UB074,PS1_THSy.TD_UB074,0
TD_UB075,PS1_THSy.TD_UB075,0
TD_UB076,PS1_THSy.TD_UB076,0
TD_UB077,PS1_THSy.TD_UB077,0
TD_UB078,PS1_THSy.TD_UB078,0
TD_LB001,PS1_THSy.TD_LB001,0
TD_LB002,PS1_THSy.TD_LB002,0
TD_LB003,PS1_THSy.TD_LB003,0
TD_LB004,PS1_THSy.TD_LB004,0
TD_LB005,PS1_THSy.TD_LB005,0
TD_LB006,PS1_THSy.TD_LB006,0
TD_LB007,PS1_THSy.TD_LB007,0
TD_LB008,PS1_THSy.TD_LB008,0
TD_LB009,PS1_THSy.TD_LB009,0
TD_LB010,PS1_THSy.TD_LB010,0
TD_LB011,PS1_THSy.TD_LB011,0
TD_LB012,PS1_THSy.TD_LB012,0
TD_LB013,PS1_THSy.TD_LB013,0
TD_LB014,PS1_THSy.TD_LB014,0
TD_LB015,PS1_THSy.TD_LB015,0
TD_LB016,PS1_THSy.TD_LB016,0
TD_LB017,PS1_THSy.TD_LB017,0
TD_LB018,PS1_THSy.TD_LB018,0
TD_LB019,PS1_THSy.TD_LB019,0
TD_LB020,PS1_THSy.TD_LB020,0
TD_LB021,PS1_THSy.TD_LB021,0
TD_LB022,PS1_THSy.TD_LB022,0
TD_LB023,PS1_THSy.TD_LB023,0
TD_LB024,PS1_THSy.TD_LB024,0
TD_LB025,PS1_THSy.TD_LB025,0
TD_LB026,PS1_THSy.TD_LB026,0
TD_LB027,PS1_THSy.TD_LB027,0
TD_LB028,PS1_THSy.TD_LB028,0
TD_LB029,PS1_THSy.TD_LB029,0
TD_LB030,PS1_THSy.TD_LB030,0
TD_LB031,PS1_THSy.TD_LB031,0
TD_LB032,PS1_THSy.TD_LB032,0
TD_LB033,PS1_THSy.TD_LB033,0
TD_LB034,PS1_THSy.TD_LB034,0
TD_LB035,PS1_THSy.TD_LB035,0
TD_LB036,PS1_THSy.TD_LB036,0
TD_LB037,PS1_THSy.TD_LB037,0
TD_LB038,PS1_THSy.TD_LB038,0
TD_LB039,PS1_THSy.TD_LB039,0
TD_LB040,PS1_THSy.TD_LB040,0
TD_LB041,PS1_THSy.TD_LB041,0
TD_LB042,PS1_THSy.TD_LB042,0
TD_LB043,PS1_THSy.TD_LB043,0
TD_LB044,PS1_THSy.TD_LB044,0
TD_LB045,PS1_THSy.TD_LB045,0
TD_LB046,PS1_THSy.TD_LB046,0
TD_LB047,PS1_THSy.TD_LB047,0
TD_LB048,PS1_THSy.TD_LB048,0
TD_LB049,PS1_THSy.TD_LB049,0
TD_LB050,PS1_THSy.TD_LB050,0
TD_LB051,PS1_THSy.TD_LB051,0
TD_LB052,PS1_THSy.TD_LB052,0
TD_LB053,PS1_THSy.TD_LB053,0
TD_LB054,PS1_THSy.TD_LB054,0
TD_LB055,PS1_THSy.TD_LB055,0
TD_LB056,PS1_THSy.TD_LB056,0
TD_LB057,PS1_THSy.TD_LB057,0
TD_LB058,PS1_THSy.TD_LB058,0
TD_LB059,PS1_THSy.TD_LB059,0
TD_LB060,PS1_THSy.TD_LB060,0
TD_LB061,PS1_THSy.TD_LB061,0
TD_LB062,PS1_THSy.TD_LB062,0
TD_LB063,PS1_THSy.TD_LB063,0
TD_LB064,PS1_THSy.TD_LB064,0
TD_LB065,PS1_THSy.TD_LB065,0
TD_LB066,PS1_THSy.TD_LB066,0
TD_LB067,PS1_THSy.TD_LB067,0
TD_LB068,PS1_THSy.TD_LB068,0
TD_LB069,PS1_THSy.TD_LB069,0
TD_LB070,PS1_THSy.TD_LB070,0
TD_LB071,PS1_THSy.TD_LB071,0
TD_LB072,PS1_THSy.TD_LB072,0
TD_LB073,PS1_THSy.TD_LB073,0
TD_LB074,PS1_THSy.TD_LB074,0
TD_LB075,PS1_THSy.TD_LB075,0
TD_LB076,PS1_THSy.TD_LB076,0
TD_LB077,PS1_THSy.TD_LB077,0
TD_LB078,PS1_THSy.TD_LB078,0
PATD____,PATD____,0
FTC_UpRi,PS1_THSy.FTC_UpRi,0
FTC_UpLe,PS1_THSy.FTC_UpLe,0
FTC_LoRi,PS1_THSy.FTC_LoRi,0
FTC_LoLe,PS1_THSy.FTC_LoLe,0
FTC_____,FTC_____,0
TTC_UpRi,PS1_THSy.TTC_UpRi,0
TTC_UpLe,PS1_THSy.TTC_UpLe,0
TTC_LoRi,PS1_THSy.TTC_LoRi,0
TTC_LoLe,PS1_THSy.TTC_LoLe,0
TTC_____,THS_AE2,0
PATDStat,PS1_THSy.PATDStat,0
TrFlwStr,PS1_THSy.TrFlwStr,0
TD_KA6B1,PS1_THSy.TrFlwStr.TD_KA6B1,0
TheContr,PS1_THSy.TheControlPanel,0
TheStart,TheStartLightButton,0
TheStopL,TheStopLightButton,0
FltRstPl,PS1_THSy.FltRstPl,0
T2K_RB01,Top2000.T2K_FRP_.T2K_RB01,0
T2K_RB02,Top2000.T2K_FRP_.T2K_RB02,0
T2K_RB03,Top2000.T2K_FRP_.T2K_RB03,0
T2K_RB04,Top2000.T2K_FRP_.T2K_RB04,0
T2K_RB05,Top2000.T2K_FRP_.T2K_RB05,0
T2K_RB06,Top2000.T2K_FRP_.T2K_RB06,0
T2K_RB07,Top2000.T2K_FRP_.T2K_RB07,0
T2K_RB08,Top2000.T2K_FRP_.T2K_RB08,0
T2K_RB09,Top2000.T2K_FRP_.T2K_RB09,0
T2K_RB10,Top2000.T2K_FRP_.T2K_RB10,0
T2K_RB11,Top2000.T2K_FRP_.T2K_RB11,0
T2K_RB12,Top2000.T2K_FRP_.T2K_RB12,0
T2K_RB13,Top2000.T2K_FRP_.T2K_RB13,0
T2K_LB01,Top2000.T2K_FRP_.T2K_LB01,0
T2K_LB02,Top2000.T2K_FRP_.T2K_LB02,0
T2K_LB03,Top2000.T2K_FRP_.T2K_LB03,0
T2K_LB04,Top2000.T2K_FRP_.T2K_LB04,0
T2K_LB05,Top2000.T2K_FRP_.T2K_LB05,0
T2K_LB06,Top2000.T2K_FRP_.T2K_LB06,0
T2K_LB07,Top2000.T2K_FRP_.T2K_LB07,0
T2K_LB08,Top2000.T2K_FRP_.T2K_LB08,0
T2K_LB09,Top2000.T2K_FRP_.T2K_LB09,0
T2K_LB10,Top2000.T2K_FRP_.T2K_LB10,0
T2K_LB11,Top2000.T2K_FRP_.T2K_LB11,0
T2K_LB12,Top2000.T2K_FRP_.T2K_LB12,0
T2K_LB13,Top2000.T2K_FRP_.T2K_LB13,0
TNElcCbt,PS1_THSy.TNElcCbt,0
ESOR1_7R,PS1_THSy.TNElcCbt.ESOR1_7RF021,0
ESOR8_13,TNElcCbt.ESOR8_13RF023,0
ESOR14_2,TNElcCbt.ESOR14_20RF025,0
ESOR1_7L,PS1_THSy.TNElcCbt.ESOR1_7LF031,0
ESOR8_~0,TNElcCbt.ESOR8_13LF033,0
ESOR14~0,TNElcCbt.ESOR14_20LF035,0
ETEN_AE3,TNElcCbt.ETEN_AE3_F041,0
ATHS_400,ATHS_400V_FTC_back,0
ETEN_AE1,TNElcCbt.ETEN_AE1_F043,0
ATHS_4~0,ATHS_400V_FTC_front,0
EDA_FA_G,TNElcCbt.EDA_FA_GB_F045,0
ATHS_4~1,ATHS_400V_LeftETAC_LvlDiv,0
ETEN_AE2,TNElcCbt.ETEN_AE2_F051,0
ATHS_4~2,ElectricalZones.ATHS_400V_FTM,0
ETEN_A~0,TNElcCbt.ETEN_AE2_F061,0
ATHS_230,ElectricalZones.ATHS_230V_FTM,0
EDA3_Q01,PS1_THSy.TNElcCbt.EDA3_Q011,0
ATHS_ETA,ATHS_ETAC_Lower_MotorDA3,0
EFA3_Q01,PS1_THSy.TNElcCbt.EFA3_Q011,0
ATHS_E~0,ATHS_ETAC_Upper_MotorFA3,0
EKGN_F09,PS1_THSy.TNElcCbt.EKGN_F091,0
ATHS_24V,ElectricalZones.ATHS_24V_Ibs,0
THS_AE1,THS_AE1,0
MRElcCbt,PS1_THSy.MRElcCbt,0
ECA3M1,0.00.00,0
ATHS_4~3,ATHS_400V_FrontETACLower,0
ECA_FA_Y,PS1_THSy.MRElcCbt.ECA_FA_Y1_Y4,0
ATHS_2~0,ATHS_230V_StpDev,0
EEA3M1,0.00.00,0
ATHS_4~4,ATHS_400V_FrontETACUpper,0
THS_AE2,THS_AE2,0
TCFtRtPl,PS1_THSy.TCFtRtPl,0
RightBut,TCFtRtPl.RightButton01,0
LeftButt,PS1_THSy.TCFtRtPl.LeftButton01,0
EventInt,PATDStat.EventInterface,0
,,
End,--------------------------------------------,
