DBGU,DBGU,0
ObjFtry,ObjFtry,0
ILBoard,ILBoard,0
EventMed,EventMediator,0
BrokerIL,EventMediator.BrokerILPPC_PC,0
MsgPortU,BrokerILPPC_PC.MsgPortUDP_Em21,0
UdpSok~1,UdpSok~1,0
Broker~0,BrokerILPPC_SCPPC,0
MsgPortV,MsgPortVME_Em23,0
Top2000,Top2000,0
DPStrate,UpperCnvr.DPStrategy2_IL1,0
DPStra~0,UpperCnvr.DPStrategy2_IL2,0
IL__VAR1,IL__VAR1,0
PMC0_0,PMC0_0,0
PMC0_1,PMC0_1,0
INJMU1,INJMU1,0
INJMU2,INJMU2,0
CULMU1,CULMU1,0
ACQMU1,ACQMU1,0
MERMU1,MERMU1,0
FE1MU3,FE1MU3,0
FE1MU2,FE1MU2,0
FE1MU1,FE1MU1,0
FE2MU3,FE2MU3,0
FE2MU2,FE2MU2,0
FE2MU1,FE2MU1,0
INJ-U1,INJ-U1,0
INJ-U2,INJ-U2,0
CUL-U1,CUL-U1,0
ACQ-U1,ACQ-U1,0
MER-U1,MER-U1,0
FE1-U3,FE1-U3,0
FE1-U2,FE1-U2,0
FE1-U1,FE1-U1,0
FE2-U3,FE2-U3,0
FE2-U2,FE2-U2,0
FE2-U1,FE2-U1,0
ILPROC_1,ILPROC_1,0
MRK-MREX,ILPROC_1.MRK-MREX2,0
MRK-MIBI,ILPROC_1.MRK-MIBISA,0
ACQ-MIBI,ILPROC_1.ACQ-MIBISA,0
FE1MFE,FE1MFE,0
FE2MFE,FE2MFE,0
IL__VAR2,IL__VAR2,0
PMC1_0,PMC1_0,0
PMC1_1,PMC1_1,0
INJMU1~0,IL__VAR2.INJMU1,0
INJMU2~0,IL__VAR2.INJMU2,0
CULMU1~0,IL__VAR2.CULMU1,0
ACQMU1~0,IL__VAR2.ACQMU1,0
MERMU1~0,IL__VAR2.MERMU1,0
FE1MU3~0,IL__VAR2.FE1MU3,0
FE1MU2~0,IL__VAR2.FE1MU2,0
FE1MU1~0,IL__VAR2.FE1MU1,0
FE2MU3~0,IL__VAR2.FE2MU3,0
FE2MU2~0,IL__VAR2.FE2MU2,0
FE2MU1~0,IL__VAR2.FE2MU1,0
INJ-U1~0,IL__VAR2.INJ-U1,0
INJ-U2~0,IL__VAR2.INJ-U2,0
CUL-U1~0,IL__VAR2.CUL-U1,0
ACQ-U1~0,IL__VAR2.ACQ-U1,0
MER-U1~0,IL__VAR2.MER-U1,0
FE1-U3~0,IL__VAR2.FE1-U3,0
FE1-U2~0,IL__VAR2.FE1-U2,0
FE1-U1~0,IL__VAR2.FE1-U1,0
FE2-U3~0,IL__VAR2.FE2-U3,0
FE2-U2~0,IL__VAR2.FE2-U2,0
FE2-U1~0,IL__VAR2.FE2-U1,0
ILPROC_2,ILPROC_2,0
MRK-MR~0,ILPROC_2.MRK-MREX2,0
MRK-MI~0,ILPROC_2.MRK-MIBISA,0
ACQ-MI~0,ILPROC_2.ACQ-MIBISA,0
FE1MFE~0,ILPROC_2.FE1MFE,0
FE2MFE~0,ILPROC_2.FE2MFE,0
MsgBroke,Top2000.MsgBroker21,0
MsgPor~0,MsgBroker21.MsgPortUDP_Top21,0
UdpSok~2,UdpSok~2,0
MsgBro~0,Top2000.MsgBroker23,0
MsgPor~1,MsgBroker23.MsgPortVME_Top23,0
MsgBro~1,Top2000.MsgBroker24,0
MsgPor~2,MsgBroker24.MsgPortVME_Top24,0
Security,Top2000.SecurityChain,0
TLS,TLS,0
URE_ITLS,URE_ITLS,0
TcpSok01,TcpSok01,0
IL1_____,IL1_____,0
IL1_ECAB,IL1_____.IL1_ECAB,0
AP1-DJ,AP1-DJ,0
IL1AP1EZ,Space.ElectricalZones.IL1AP1EZ,0
TheTempe,IL1_ECAB.TheTemperatureControl,0
IL1AP1TZ,TemperatureZones.IL1AP1TZ,0
IL1_FE1_,IL1_FE1_,0
MaintIL1,Top2000.MaintIL1,0
Role,Role,0
Zone4,Zone4,0
FE1-SQ5,FE1-SQ5,0
IL1FE1_E,IL1_FE1_.IL1FE1_E,0
FE1-DJ,0.00.00,0
IL1FE1EZ,Space.ElectricalZones.IL1FE1EZ,0
TheTem~0,IL1FE1_E.TheTemperatureControl,0
IL1FE1TZ,TemperatureZones.IL1FE1TZ,0
IL1_FE2_,IL1_FE2_,0
FE2-SQ5,FE2-SQ5,0
FE2-SQ6,FE2-SQ6,0
IL1FE2_E,IL1_FE2_.IL1FE2_E,0
FE2-DJ,FE2-DJ,0
IL1FE2EZ,Space.ElectricalZones.IL1FE2EZ,0
TheTem~1,IL1FE2_E.TheTemperatureControl,0
IL1FE2TZ,TemperatureZones.IL1FE2TZ,0
IL1_CVR_,IL1_____.IL1_CVR_,0
IL1_MERG,IL1_____.IL1_CVR_.IL1_MERG,0
IL1MERSC,IL1_CVR_.IL1_MERG.IL1MERSC,0
IL1MER_P,IL1_CVR_.IL1_MERG.IL1MER_P,0
MER-B1,MER-B1,0
MER-B2,MER-B2,0
MER-B3,MER-B3,0
EXT-B1,EXT-B1,0
IL1MER_M,IL1_CVR_.IL1_MERG.IL1MER_M,0
IL1EXT_F,IL1_CVR_.IL1_MERG.IL1EXT_F,0
IL1MER_F,IL1_CVR_.IL1_MERG.IL1MER_F,0
IL1MER_E,IL1_CVR_.IL1_MERG.IL1MER_E,0
MER-DJ,MER-DJ,0
IL1MEREZ,Space.ElectricalZones.IL1MEREZ,0
TheTem~2,IL1MER_E.TheTemperatureControl,0
IL1MERTZ,TemperatureZones.IL1MERTZ,0
EXT-SQ1,EXT-SQ1,0
EXT-SQ2,EXT-SQ2,0
MER-SQ1,MER-SQ1,0
MER-SQ2,MER-SQ2,0
IL1_MAIN,IL1_____.IL1_CVR_.IL1_MAIN,0
IL1MAISC,IL1_CVR_.IL1_MAIN.IL1MAISC,0
MaintSC2,Top2000.MaintSC2,0
Role~0,Role~0,0
Zone2,Zone2,0
IL1ACQ_P,IL1_CVR_.IL1_MAIN.IL1ACQ_P,0
IL1_CUL_,IL1_CVR_.IL1_MAIN.IL1_CUL_,0
IL1CUL_M,IL1_MAIN.IL1_CUL_.IL1CUL_M,0
CullerZe,IL1_CUL_.CullerZeroCell,0
CullerPo,IL1_CUL_.CullerPositionCell,0
ACQ-B1,ACQ-B1,0
MRK-B1,MRK-B1,0
CUL-B1,CUL-B1,0
CUL-B2,CUL-B2,0
CUL-B3,CUL-B3,0
CUL-B5,CUL-B5,0
IL1ACQ_M,IL1_CVR_.IL1_MAIN.IL1ACQ_M,0
IL1ACQ_F,IL1_CVR_.IL1_MAIN.IL1ACQ_F,0
IL1MRK_F,IL1_CVR_.IL1_MAIN.IL1MRK_F,0
IL1CUL_F,IL1_CVR_.IL1_MAIN.IL1CUL_F,0
IL1ACQ_E,IL1_CVR_.IL1_MAIN.IL1ACQ_E,0
ACQ-DJ,ACQ-DJ,0
IL1ACQEZ,Space.ElectricalZones.IL1ACQEZ,0
TheTem~3,IL1ACQ_E.TheTemperatureControl,0
IL1ACQTZ,TemperatureZones.IL1ACQTZ,0
IL1CUL_E,IL1_CVR_.IL1_MAIN.IL1CUL_E,0
CUL-DJ,CUL-DJ,0
IL1CULEZ,Space.ElectricalZones.IL1CULEZ,0
TheTem~4,IL1CUL_E.TheTemperatureControl,0
IL1CULTZ,TemperatureZones.IL1CULTZ,0
ACQ-SQ1,ACQ-SQ1,0
ACQ-SQ2,ACQ-SQ2,0
MRK-SQ1,MRK-SQ1,0
MRK-SQ2,MRK-SQ2,0
CUL-SQ1,CUL-SQ1,0
CUL-SQ2,CUL-SQ2,0
IL1_MESC,IL1_____.IL1_CVR_.IL1_MESC,0
IL1_MASC,IL1_____.IL1_CVR_.IL1_MASC,0
IL1_CULP,IL1_____.IL1_CULP,0
IL1_CPPS,IL1_____.IL1_CULP.IL1_CPPS,0
IL1_MPDP,IL1_____.IL1_CULP.IL1_MPDP,0
IL1_INJ_,IL1_____.IL1_INJ_,0
IL1_ACC_,IL1_____.IL1_INJ_.IL1_ACC_,0
IL1ACCSC,IL1_INJ_.IL1_ACC_.IL1ACCSC,0
IL1INJB1,IL1_INJ_.IL1_ACC_.IL1INJB1,0
IL1INJB2,IL1_INJ_.IL1_ACC_.IL1INJB2,0
IL1INJB3,IL1_INJ_.IL1_ACC_.IL1INJB3,0
IL1ACC_M,IL1_INJ_.IL1_ACC_.IL1ACC_M,0
IL1_MCAR,IL1_____.IL1_INJ_.IL1_MCAR,0
IL1WD,IL1WD,0
Role~1,Role~1,0
IL1RD,IL1RD,0
Role~2,Role~2,0
IL1MCARM,IL1_INJ_.IL1_MCAR.IL1MCARM,0
IL1INJ_F,IL1_____.IL1_INJ_.IL1INJ_F,0
INJ-SQ2,INJ-SQ2,0
IL1_THR1,IL1_____.IL1_THR1,0
IL1_THR2,IL1_____.IL1_THR2,0
IL1_UAI_,IL1_____.IL1_UAI_,0
IL1_COP_,IL1_____.IL1_UAI_.IL1_COP_,0
IL1_KEP_,IL1_____.IL1_UAI_.IL1_KEP_,0
TcpSok02,TcpSok02,0
IL1_PRI1,IL1_____.IL1_PRI1,0
PrnPtcl1,IL1_____.IL1_PRI1.PrnPtcl1,0
IL1_ETQ_,IL1_____.IL1_ETQ_,0
LengthDe,IL1_ETQ_.LengthDetector,0
IL1_BTR_,IL1_____.IL1_BTR_,0
IL1_BTV_,IL1_____.IL1_BTV_,0
IL1_LAQ_,IL1_____.IL1_LAQ_AG,0
IL1_URA_,IL1_____.IL1_URA_,0
IL1URA_R,IL1_____.IL1_URA_.IL1URA_R,0
=>MPTransmitted(400456E8),=>MPTransmitted(400456E8),0
=>MPTransmitted(400456E8),=>MPTransmitted(400456E8),0
TcpSok03,TcpSok03,0
IL1_ILS_,IL1_____.IL1_ILS_,0
IL1ILS_R,IL1_____.IL1_ILS_.IL1ILS_R,0
TcpSok04,TcpSok04,0
IL1_CPNL,IL1_____.IL1_CPNL,0
FE11On_B,IL1_____.IL1_CPNL.FE11On_B,0
FE11OffB,IL1_____.IL1_CPNL.FE11OffB,0
FE11SelB,IL1_____.IL1_CPNL.FE11SelB,0
FE12On_B,IL1_____.IL1_CPNL.FE12On_B,0
FE12OffB,IL1_____.IL1_CPNL.FE12OffB,0
IL1SuspB,IL1_____.IL1_CPNL.IL1SuspB,0
IL1STRAT,IL1_____.IL1STRAT,0
Role~3,Role~3,0
IL1_Mode,IL1_____.IL1STRAT.IL1_Mode,0
EPT_IL1_,IL1_____.IL1STRAT.EPT_IL1_,0
BGD_IL1_,IL1_____.IL1STRAT.BGD_IL1_,0
BTR_IL1_,IL1_____.IL1STRAT.BTR_IL1_,0
WAB_IL1_,IL1_____.IL1STRAT.WAB_IL1_,0
TLS_IL1_,IL1_____.IL1STRAT.TLS_IL1_,0
URA_IL1_,IL1_____.IL1STRAT.URA_IL1_,0
ETQ_IL1_,IL1_____.IL1STRAT.ETQ_IL1_,0
TPRN_IL1,IL1_____.IL1STRAT.TPRN_IL1,0
VBTR_IL1,IL1_____.IL1STRAT.VBTR_IL1,0
Decision,IL1STRAT.DecisionPlanIL1,0
Properti,IL1STRAT.PropertiePlanIL1,0
IL1_PON_,Top2000.IL1_PON_,0
IL2_____,IL2_____,0
IL2_ECAB,IL2_____.IL2_ECAB,0
AP1-DJ~0,IL2_____.IL2_ECAB.AP1-DJ,0
IL2AP1EZ,Space.ElectricalZones.IL2AP1EZ,0
TheTem~5,IL2_ECAB.TheTemperatureControl,0
IL2AP1TZ,TemperatureZones.IL2AP1TZ,0
IL2_FE1_,IL2_FE1_,0
MaintIL2,Top2000.MaintIL2,0
Role~4,Role~4,0
Zone5,Zone5,0
FE1-SQ~0,IL2_FE1_.FE1-SQ5,0
IL2FE1_E,IL2_FE1_.IL2FE1_E,0
FE1-DJ~0,IL2_FE1_.IL2FE1_E.FE1-DJ,0
IL2FE1EZ,Space.ElectricalZones.IL2FE1EZ,0
TheTem~6,IL2FE1_E.TheTemperatureControl,0
IL2FE1TZ,TemperatureZones.IL2FE1TZ,0
IL2_FE2_,IL2_FE2_,0
FE2-SQ~0,IL2_FE2_.FE2-SQ5,0
FE2-SQ~1,IL2_FE2_.FE2-SQ6,0
IL2FE2_E,IL2_FE2_.IL2FE2_E,0
FE2-DJ~0,IL2_FE2_.IL2FE2_E.FE2-DJ,0
IL2FE2EZ,Space.ElectricalZones.IL2FE2EZ,0
TheTem~7,IL2FE2_E.TheTemperatureControl,0
IL2FE2TZ,TemperatureZones.IL2FE2TZ,0
IL2_CVR_,IL2_____.IL2_CVR_,0
IL2_MERG,IL2_____.IL2_CVR_.IL2_MERG,0
IL2MERSC,IL2_CVR_.IL2_MERG.IL2MERSC,0
IL2MER_P,IL2_CVR_.IL2_MERG.IL2MER_P,0
MER-B1~0,IL2_CVR_.IL2_MERG.MER-B1,0
MER-B2~0,IL2_CVR_.IL2_MERG.MER-B2,0
MER-B3~0,IL2_CVR_.IL2_MERG.MER-B3,0
EXT-B1~0,IL2_CVR_.IL2_MERG.EXT-B1,0
IL2MER_M,IL2_CVR_.IL2_MERG.IL2MER_M,0
IL2EXT_F,IL2_CVR_.IL2_MERG.IL2EXT_F,0
IL2MER_F,IL2_CVR_.IL2_MERG.IL2MER_F,0
IL2MER_E,IL2_CVR_.IL2_MERG.IL2MER_E,0
MER-DJ~0,IL2_MERG.IL2MER_E.MER-DJ,0
IL2MEREZ,Space.ElectricalZones.IL2MEREZ,0
TheTem~8,IL2MER_E.TheTemperatureControl,0
IL2MERTZ,TemperatureZones.IL2MERTZ,0
EXT-SQ~0,IL2_CVR_.IL2_MERG.EXT-SQ1,0
EXT-SQ~1,IL2_CVR_.IL2_MERG.EXT-SQ2,0
MER-SQ~0,IL2_CVR_.IL2_MERG.MER-SQ1,0
MER-SQ~1,IL2_CVR_.IL2_MERG.MER-SQ2,0
IL2_MAIN,IL2_____.IL2_CVR_.IL2_MAIN,0
IL2MAISC,IL2_CVR_.IL2_MAIN.IL2MAISC,0
MaintSC3,MaintSC3,0
Role~5,Role~5,0
Zone3,Zone3,0
IL2ACQ_P,IL2_CVR_.IL2_MAIN.IL2ACQ_P,0
IL2_CUL_,IL2_CVR_.IL2_MAIN.IL2_CUL_,0
IL2CUL_M,IL2_MAIN.IL2_CUL_.IL2CUL_M,0
Culler~0,IL2_CUL_.CullerZeroCell,0
Culler~1,IL2_CUL_.CullerPositionCell,0
ACQ-B1~0,IL2_CVR_.IL2_MAIN.ACQ-B1,0
MRK-B1~0,IL2_CVR_.IL2_MAIN.MRK-B1,0
CUL-B1~0,IL2_CVR_.IL2_MAIN.CUL-B1,0
CUL-B2~0,IL2_CVR_.IL2_MAIN.CUL-B2,0
CUL-B3~0,IL2_CVR_.IL2_MAIN.CUL-B3,0
CUL-B5~0,IL2_CVR_.IL2_MAIN.CUL-B5,0
IL2ACQ_M,IL2_CVR_.IL2_MAIN.IL2ACQ_M,0
IL2ACQ_F,IL2_CVR_.IL2_MAIN.IL2ACQ_F,0
IL2MRK_F,IL2_CVR_.IL2_MAIN.IL2MRK_F,0
IL2CUL_F,IL2_CVR_.IL2_MAIN.IL2CUL_F,0
IL2ACQ_E,IL2_CVR_.IL2_MAIN.IL2ACQ_E,0
ACQ-DJ~0,IL2_MAIN.IL2ACQ_E.ACQ-DJ,0
IL2ACQEZ,Space.ElectricalZones.IL2ACQEZ,0
TheTem~9,IL2ACQ_E.TheTemperatureControl,0
IL2ACQTZ,TemperatureZones.IL2ACQTZ,0
IL2CUL_E,IL2_CVR_.IL2_MAIN.IL2CUL_E,0
CUL-DJ~0,IL2_MAIN.IL2CUL_E.CUL-DJ,0
IL2CULEZ,Space.ElectricalZones.IL2CULEZ,0
TheTem~a,IL2CUL_E.TheTemperatureControl,0
IL2CULTZ,TemperatureZones.IL2CULTZ,0
ACQ-SQ~0,IL2_CVR_.IL2_MAIN.ACQ-SQ1,0
ACQ-SQ~1,IL2_CVR_.IL2_MAIN.ACQ-SQ2,0
MRK-SQ~0,IL2_CVR_.IL2_MAIN.MRK-SQ1,0
MRK-SQ~1,IL2_CVR_.IL2_MAIN.MRK-SQ2,0
CUL-SQ~0,IL2_CVR_.IL2_MAIN.CUL-SQ1,0
CUL-SQ~1,IL2_CVR_.IL2_MAIN.CUL-SQ2,0
IL2_MESC,IL2_____.IL2_CVR_.IL2_MESC,0
IL2_MASC,IL2_____.IL2_CVR_.IL2_MASC,0
IL2_CULP,IL2_____.IL2_CULP,0
IL2_CPPS,IL2_____.IL2_CULP.IL2_CPPS,0
IL2_MPDP,IL2_____.IL2_CULP.IL2_MPDP,0
IL2_INJ_,IL2_____.IL2_INJ_,0
IL2_ACC_,IL2_____.IL2_INJ_.IL2_ACC_,0
IL2ACCSC,IL2_INJ_.IL2_ACC_.IL2ACCSC,0
IL2INJB1,IL2_INJ_.IL2_ACC_.IL2INJB1,0
IL2INJB2,IL2_INJ_.IL2_ACC_.IL2INJB2,0
IL2INJB3,IL2_INJ_.IL2_ACC_.IL2INJB3,0
IL2ACC_M,IL2_INJ_.IL2_ACC_.IL2ACC_M,0
IL2_MCAR,IL2_____.IL2_INJ_.IL2_MCAR,0
IL2WD,IL2WD,0
Role~6,Role~6,0
IL2RD,IL2RD,0
Role~7,Role~7,0
IL2MCARM,IL2_INJ_.IL2_MCAR.IL2MCARM,0
IL2INJ_F,IL2_____.IL2_INJ_.IL2INJ_F,0
INJ-SQ~0,IL2_____.IL2_INJ_.INJ-SQ2,0
IL2_THR1,IL2_____.IL2_THR1,0
IL2_THR2,IL2_____.IL2_THR2,0
IL2_UAI_,IL2_____.IL2_UAI_,0
IL2_COP_,IL2_____.IL2_UAI_.IL2_COP_,0
IL2_KEP_,IL2_____.IL2_UAI_.IL2_KEP_,0
TcpSok05,TcpSok05,0
IL2_PRI2,IL2_____.IL2_PRI2,0
PrnPtcl2,IL2_____.IL2_PRI2.PrnPtcl2,0
IL2_ETQ_,IL2_____.IL2_ETQ_,0
Length~0,IL2_ETQ_.LengthDetector,0
IL2_BTR_,IL2_____.IL2_BTR_,0
IL2_BTV_,IL2_____.IL2_BTV_,0
IL2_LAQ_,IL2_____.IL2_LAQ_AG,0
IL2_URA_,IL2_____.IL2_URA_,0
IL2URA_R,IL2_____.IL2_URA_.IL2URA_R,0
TcpSok06,TcpSok06,0
IL2_ILS_,IL2_____.IL2_ILS_,0
IL2ILS_R,IL2_____.IL2_ILS_.IL2ILS_R,0
TcpSok07,TcpSok07,0
IL2_CPNL,IL2_____.IL2_CPNL,0
FE21On_B,IL2_____.IL2_CPNL.FE21On_B,0
FE21OffB,IL2_____.IL2_CPNL.FE21OffB,0
FE21SelB,IL2_____.IL2_CPNL.FE21SelB,0
FE22On_B,IL2_____.IL2_CPNL.FE22On_B,0
FE22OffB,IL2_____.IL2_CPNL.FE22OffB,0
IL2SuspB,IL2_____.IL2_CPNL.IL2SuspB,0
IL2STRAT,IL2_____.IL2STRAT,0
Role~8,Role~8,0
IL2_Mode,IL2_____.IL2STRAT.IL2_Mode,0
EPT_IL2_,IL2_____.IL2STRAT.EPT_IL2_,0
BGD_IL2_,IL2_____.IL2STRAT.BGD_IL2_,0
BTR_IL2_,IL2_____.IL2STRAT.BTR_IL2_,0
WAB_IL2_,IL2_____.IL2STRAT.WAB_IL2_,0
TLS_IL2_,IL2_____.IL2STRAT.TLS_IL2_,0
URA_IL2_,IL2_____.IL2STRAT.URA_IL2_,0
ETQ_IL2_,IL2_____.IL2STRAT.ETQ_IL2_,0
TPRN_IL2,IL2_____.IL2STRAT.TPRN_IL2,0
VBTR_IL2,IL2_____.IL2STRAT.VBTR_IL2,0
Decisi~0,IL2STRAT.DecisionPlanIL2,0
Proper~0,IL2STRAT.PropertiePlanIL2,0
IL2_PON_,Top2000.IL2_PON_,0
TheTop20,Top2000.TheTop2000Strategy,0
T2K_Mode,TheTop2000Strategy.T2K_Mode,0
EPT_T2K_,TheTop2000Strategy.EPT_T2K_,0
BTR_T2K1,TheTop2000Strategy.BTR_T2K1,0
WAB_T2K1,TheTop2000Strategy.WAB_T2K1,0
TLS_T2K_,TheTop2000Strategy.TLS_T2K_,0
VCD_T2K1,TheTop2000Strategy.VCD_T2K1,0
ILS_T2K1,TheTop2000Strategy.ILS_T2K1,0
URA_T2K1,TheTop2000Strategy.URA_T2K1,0
PRN_T2K1,TheTop2000Strategy.PRN_T2K1,0
ETQ_T2K1,TheTop2000Strategy.ETQ_T2K1,0
BTV_T2K1,TheTop2000Strategy.BTV_T2K1,0
BTR_T2K2,TheTop2000Strategy.BTR_T2K2,0
WAB_T2K2,TheTop2000Strategy.WAB_T2K2,0
VCD_T2K2,TheTop2000Strategy.VCD_T2K2,0
ILS_T2K2,TheTop2000Strategy.ILS_T2K2,0
URA_T2K2,TheTop2000Strategy.URA_T2K2,0
PRN_T2K2,TheTop2000Strategy.PRN_T2K2,0
ETQ_T2K2,TheTop2000Strategy.ETQ_T2K2,0
BTV_T2K2,TheTop2000Strategy.BTV_T2K2,0
Decisi~1,DecisionPlanT2K,0
Proper~1,PropertiePlanT2K,0
IL1_LM__,IL1_____.IL1_LM__,0
IL1_LBCR,IL1_____.IL1_LM__.IL1_LBCR1,0
IL1_LB~0,IL1_____.IL1_LM__.IL1_LBCR2,0
IL1_LPRN,IL1_____.IL1_LM__.IL1_LPRN,0
IL1_LOCR,IL1_____.IL1_LM__.IL1_LOCR,0
IL1_LVCD,IL1_____.IL1_LM__.IL1_LVCD,0
IL1_LTLS,IL1_____.IL1_LM__.IL1_LTLS,0
IL1_LHPT,IL1_____.IL1_LM__.IL1_LHPT,0
IL1_LBTV,IL1_____.IL1_LM__.IL1_LBTV,0
IL2_LM__,IL2_____.IL2_LM__,0
IL2_LBCR,IL2_____.IL2_LM__.IL2_LBCR1,0
IL2_LB~0,IL2_____.IL2_LM__.IL2_LBCR2,0
IL2_LPRN,IL2_____.IL2_LM__.IL2_LPRN,0
IL2_LOCR,IL2_____.IL2_LM__.IL2_LOCR,0
IL2_LVCD,IL2_____.IL2_LM__.IL2_LVCD,0
IL2_LTLS,IL2_____.IL2_LM__.IL2_LTLS,0
IL2_LHPT,IL2_____.IL2_LM__.IL2_LHPT,0
IL2_LBTV,IL2_____.IL2_LM__.IL2_LBTV,0
MsgPor~3,MsgBroker21.MsgPortUDP_Top21C,0
UdpSok~3,UdpSok~3,0
ExplPlan,ExplPlan,0
